mix_id,dj,mix_title,mix_minutes,play_order,track_id,title,is_control,listed_min,found_min,drift_min,votes,rate,control_max,floor,sections,sections_agree,found,confidence,entry_min,exit_min,played_from_s,played_to_s,seconds
c0609e2d60,Djtennis,DJ Tennis,62.1,1,cd074d6cf75d,Philip Chernikov - Binga,0,0.0,5.56,5.56,444,1.0,85,170,9,1,1,by votes,7.81,11.31,135,345,994.6
c0609e2d60,Djtennis,DJ Tennis,62.1,2,81e1f20c7188,Easttown - Slipstream,0,,15.66,,622,1.0,85,170,8,3,1,confident,17.58,18.58,115,175,54.8
c0609e2d60,Djtennis,DJ Tennis,62.1,3,21ff0a84cc02,Josh Wink - Higher State Of Consciousness (Original Tweekin' Acid Funk Mix),0,,10.37,,56,0.958,85,170,9,1,0,not found,11.29,17.28,53,386,102.0
c0609e2d60,Djtennis,DJ Tennis,62.1,4,3abff140b63d,Tenashee - ft. Campbell King - Blink To Check Its Real,0,,34.47,,186,0.999,85,170,5,2,1,by votes,34.71,37.88,14,204,59.0
c0609e2d60,Djtennis,DJ Tennis,62.1,5,56e802c72d02,Kino Todo & Marko East - ft. TruthIzMagic - ICON,0,41.2,40.79,-0.41,394,0.999,85,170,6,1,1,by votes,41.37,44.03,35,194,59.4
c0609e2d60,Djtennis,DJ Tennis,62.1,6,565d3cc032cb,William Kiss & Luke Alessi - Ride The Rhythm,0,47.67,47.12,-0.54,397,1.0005,85,170,8,2,1,by votes,47.38,52.55,15,325,91.8
c0609e2d60,Djtennis,DJ Tennis,62.1,7,6675000ef1a9,Adina Howard - Freak Like Me,0,,46.93,,45,1.0,85,170,6,1,0,not found,46.82,51.15,0,253,69.6
c0609e2d60,Djtennis,DJ Tennis,62.1,8,3cd94bd5210e,Pianoman - Pasion (Alex Kassian Mandarine Dance Mix),0,,55.09,,219,1.0,85,170,10,1,1,by votes,57.65,60.48,154,324,126.8
c0609e2d60,Djtennis,DJ Tennis,62.1,,5151588dd693,Ellen Trenn - Patriarchat,1,,46.16,,45,1.02,85,170,6,1,0,control,46.05,51.05,0,289,66.4
c0609e2d60,Djtennis,DJ Tennis,62.1,,1a8fdd8401ac,Pawel - Kramnik,1,,20.46,,37,0.992,85,170,8,1,0,control,20.81,26.31,21,348,58.8
c0609e2d60,Djtennis,DJ Tennis,62.1,,f029e8556178,Pryda - Reeperbahn,1,,47.84,,85,0.991,85,170,11,1,0,control,48.75,55.41,54,450,118.6
186e3d2735,Sultanplusshepard,Sultan + Shepard,60.0,1,5ea519f61bee,Into The Ether & Gavin Beach - Mine,0,0.67,1.2,0.53,5294,1.0,93,186,5,5,1,confident,1.07,4.56,0,202,1021.7
186e3d2735,Sultanplusshepard,Sultan + Shepard,60.0,2,e24450f1f8bf,PARIS (AU) - Ocean Eyes,0,5.6,13.83,8.23,44,0.9995,93,186,5,1,0,not found,14.16,16.83,20,180,62.9
186e3d2735,Sultanplusshepard,Sultan + Shepard,60.0,3,2cb93302fe72,Rhea Silvia - Golden,0,8.7,7.64,-1.06,305,0.999,93,186,8,3,1,confident,9.51,10.51,112,172,84.0
186e3d2735,Sultanplusshepard,Sultan + Shepard,60.0,4,ba35c18c8f8c,Nora En Pure - Watermark,0,13.35,12.3,-1.05,607,1.0005,93,186,9,3,1,confident,14.99,15.99,162,222,66.1
186e3d2735,Sultanplusshepard,Sultan + Shepard,60.0,5,c2fc9bca3d39,Yoni Yarchi & Sonicvibe - Solara,0,18.6,17.28,-1.32,548,0.999,93,186,10,3,1,confident,22.06,22.9,287,337,74.1
186e3d2735,Sultanplusshepard,Sultan + Shepard,60.0,6,83835b18bb83,Levasseur - 5 Minutes To Midnight,0,25.07,24.52,-0.55,249,0.9965,93,186,4,2,1,by votes,24.96,27.29,26,165,37.1
186e3d2735,Sultanplusshepard,Sultan + Shepard,60.0,7,8f141fc756e2,Rezident - ft. Kate Morgan - Muse (Roman Remix),0,28.32,27.05,-1.27,741,0.995,93,186,11,8,1,confident,31.12,32.29,243,313,55.0
186e3d2735,Sultanplusshepard,Sultan + Shepard,60.0,8,9da7ce8a4686,Ilias Katelanos & Plecta & Anonimat - Coaster (Durante Remix),0,35.55,34.0,-1.55,31063,1.0,93,186,9,9,1,confident,35.18,40.01,71,361,58.4
186e3d2735,Sultanplusshepard,Sultan + Shepard,60.0,9,9c49a4ed64e1,EYNKA & Matador - The Way,0,40.45,39.79,-0.66,302,0.9985,93,186,8,1,1,by votes,40.66,44.66,52,291,89.5
186e3d2735,Sultanplusshepard,Sultan + Shepard,60.0,10,f60d36264a09,Unclubbed - ft. Zoe Durrant - Need To Feel Loved (Guy J Remix),0,45.87,45.6,-0.26,28889,1.0,93,186,11,10,1,confident,45.81,53.14,12,452,55.9
186e3d2735,Sultanplusshepard,Sultan + Shepard,60.0,11,94a7498eaa2d,Roger Sanchez - Another Chance,0,53.32,52.9,-0.42,560,0.9995,93,186,9,1,1,by votes,55.76,57.59,172,281,70.8
186e3d2735,Sultanplusshepard,Sultan + Shepard,60.0,,0e790183475c,Cendryma - Orbitation,1,,38.3,,93,0.999,93,186,11,1,0,control,39.85,45.18,93,413,90.3
186e3d2735,Sultanplusshepard,Sultan + Shepard,60.0,,191119d9500f,Far&High - Voyager,1,,27.37,,51,1.01,93,186,9,1,0,control,27.2,34.2,0,414,74.1
186e3d2735,Sultanplusshepard,Sultan + Shepard,60.0,,35f1e9269dd1,Villano Antillano - Bzrp 51 (Catz 'N Dogz Lazer Mix),1,,25.08,,42,1.02,93,186,7,1,0,control,25.09,29.75,1,286,74.3
243f8b541a,Sultanplusshepard,Sultan + Shepard,61.2,1,5b49cd005383,Rossie - Last Breath,0,0.67,0.83,0.17,630,1.0045,71,142,9,7,1,confident,3.49,4.49,160,220,1166.7
243f8b541a,Sultanplusshepard,Sultan + Shepard,61.2,2,bd3fd5f002a1,HANA - Solidground,0,8.12,6.43,-1.69,678,0.9995,71,142,9,2,1,by votes,8.31,12.65,113,373,56.0
243f8b541a,Sultanplusshepard,Sultan + Shepard,61.2,3,030f212fd9ab,Just Her - Secrets,0,13.33,21.07,7.73,60,0.981,71,142,19,4,1,by sections,21.59,35.25,31,827,167.6
243f8b541a,Sultanplusshepard,Sultan + Shepard,61.2,4,1cee5c22d942,Nora En Pure - Memories,0,18.0,16.68,-1.32,736,0.9995,71,142,11,2,1,by votes,20.76,21.59,245,295,71.1
243f8b541a,Sultanplusshepard,Sultan + Shepard,61.2,5,b31727dd5117,Dosem & SOHMI - The Light (Sinca Remix),0,24.45,24.84,0.39,4746,0.985,71,142,5,5,1,confident,24.67,28.67,0,212,63.9
243f8b541a,Sultanplusshepard,Sultan + Shepard,61.2,6,dd9b7ca0d4e5,Ashibah - Satellite,0,28.57,28.23,-0.34,1066,1.0005,71,142,5,5,1,confident,28.18,31.68,0,207,42.8
243f8b541a,Sultanplusshepard,Sultan + Shepard,61.2,7,c21f6b427640,Paula OS - The Shame (Hyunji-A Remix),0,31.92,30.31,-1.6,387,0.999,71,142,9,2,1,by votes,33.67,34.5,201,251,95.6
243f8b541a,Sultanplusshepard,Sultan + Shepard,61.2,8,d02ddd2349da,Massane & Qrion - Go On,0,36.82,36.04,-0.77,1239,0.994,71,142,6,6,1,confident,38.04,39.54,119,209,46.8
243f8b541a,Sultanplusshepard,Sultan + Shepard,61.2,9,f5f6f2f349db,PARIS (AU) - Visionary,0,41.13,28.54,-12.6,56,0.9985,71,142,9,1,0,not found,28.68,35.18,9,389,113.6
243f8b541a,Sultanplusshepard,Sultan + Shepard,61.2,10,7aacc5a3acd0,mölly & MØØNE - Find You,0,46.3,45.21,-1.09,436,1.0005,71,142,8,2,1,by votes,48.43,49.43,193,253,59.1
243f8b541a,Sultanplusshepard,Sultan + Shepard,61.2,11,ceb9bd36fb37,Carlita - Time,0,50.93,50.69,-0.25,4435,0.9925,71,142,6,5,1,confident,51.56,54.72,52,240,38.4
243f8b541a,Sultanplusshepard,Sultan + Shepard,61.2,12,2b69fdce91fe,Maya Jane Coles - What They Say,0,54.8,54.58,-0.22,678,0.9985,71,142,9,4,1,confident,57.46,59.63,173,303,49.5
243f8b541a,Sultanplusshepard,Sultan + Shepard,61.2,,9f7f6aaea210,Chip E - Time To Jack (House Mix),1,,25.42,,38,0.9595,71,142,11,1,0,control,25.6,33.6,11,471,72.1
243f8b541a,Sultanplusshepard,Sultan + Shepard,61.2,,12a694ae14fc,Avidus - XII,1,,47.4,,71,1.0005,71,142,10,1,0,control,47.4,54.4,0,420,62.4
243f8b541a,Sultanplusshepard,Sultan + Shepard,61.2,,96d1c422ccb2,Truncate - WRKTRX 3,1,,23.84,,36,1.0005,71,142,7,1,0,control,24.18,28.01,21,251,57.5
be77589ff6,Amelielens,Amelie Lens,56.9,1,d9b0174581bf,KI/KI - 5 Mins Of Acid,0,0.22,-0.16,-0.38,564,0.9985,66,132,7,2,1,by votes,1.0,3.67,70,229,1266.2
be77589ff6,Amelielens,Amelie Lens,56.9,2,efd694388e10,A*S*Y*S & Avis Vox - Body Mind & Soul,0,9.37,7.02,-2.35,166,0.9985,66,132,7,1,1,by votes,9.56,11.39,152,262,77.8
be77589ff6,Amelielens,Amelie Lens,56.9,3,fa375b7d3ff9,Lazar (IT) - Reazione Vincolare,0,11.58,9.09,-2.5,213,1.001,66,132,8,1,1,by votes,11.31,14.64,134,334,87.0
be77589ff6,Amelielens,Amelie Lens,56.9,4,70d42ebc654c,Charlotte de Witte - How You Move,0,14.77,12.83,-1.93,372,0.9985,66,132,8,1,1,by votes,13.89,18.56,64,343,74.2
be77589ff6,Amelielens,Amelie Lens,56.9,5,c6fb60d41aaf,Balrog & Debbit - Body Work,0,18.78,16.1,-2.68,6176,0.997,66,132,8,6,1,confident,17.89,21.22,107,306,41.0
be77589ff6,Amelielens,Amelie Lens,56.9,6,7a22a0488d13,ARDL - Hyperactive,0,22.12,19.98,-2.14,782,0.9795,66,132,8,5,1,confident,22.21,25.55,131,327,79.6
be77589ff6,Amelielens,Amelie Lens,56.9,7,cc590771e172,Rudosa - The Menace,0,25.32,23.22,-2.09,258,0.9985,66,132,8,1,1,by votes,25.22,28.89,120,339,90.4
be77589ff6,Amelielens,Amelie Lens,56.9,8,97a1d5ccd2e7,Milo Spykers - Ghostrider,0,28.98,27.49,-1.5,1873,1.004,66,132,7,5,1,confident,29.6,31.93,127,268,51.8
be77589ff6,Amelielens,Amelie Lens,56.9,9,2eb2f06114bf,Amelie Lens - Feel It,0,31.9,31.42,-0.48,3346,1.0115,66,132,6,6,1,confident,31.6,34.27,11,173,73.5
be77589ff6,Amelielens,Amelie Lens,56.9,10,45662c9c3916,SHFTR - Feel The Stab,0,35.57,33.34,-2.23,326,0.999,66,132,8,1,1,by votes,35.44,37.43,126,246,61.2
be77589ff6,Amelielens,Amelie Lens,56.9,11,fc3d059fa4e9,AREA ØNE - Wanna Dance,0,38.48,37.73,-0.75,291,0.998,66,132,6,1,1,by votes,38.4,41.57,40,230,57.6
be77589ff6,Amelielens,Amelie Lens,56.9,12,2ee77a6f519b,Caravel - Queen Of Darkness,0,42.58,39.55,-3.03,266,0.9995,66,132,7,2,1,by votes,42.38,44.22,170,280,85.7
be77589ff6,Amelielens,Amelie Lens,56.9,13,d37e664498bc,Amelie Lens - Underneath The Strobelights,0,44.38,43.06,-1.33,1874,0.9785,66,132,6,5,1,confident,44.46,47.13,83,239,75.7
be77589ff6,Amelielens,Amelie Lens,56.9,14,57ba577ad4e7,La Kajofol - Black Rhapsody,0,47.08,46.88,-0.21,50400,1.0,66,132,8,7,1,confident,46.77,52.43,0,333,66.1
be77589ff6,Amelielens,Amelie Lens,56.9,15,fd39d7443d0a,Rian Wood - Anima,0,52.63,51.79,-0.84,547,1.0,66,132,7,1,1,by votes,52.66,55.16,52,202,50.5
be77589ff6,Amelielens,Amelie Lens,56.9,,f0e8e366c42e,Boris Dlugosch & CASSARA - Traveller,1,,49.45,,66,1.003,66,132,9,1,0,control,49.55,55.88,6,387,88.6
be77589ff6,Amelielens,Amelie Lens,56.9,,b3e412d4ed0f,Soulwax - NY Lipps (Kawazaki Dub),1,,13.86,,49,0.958,66,132,8,1,0,control,14.09,19.75,13,339,72.4
be77589ff6,Amelielens,Amelie Lens,56.9,,ab90d69c1b2a,Tale Of Us - Another Earth,1,,26.57,,44,1.041,66,132,7,1,0,control,28.18,32.01,101,340,46.8
8d5abd9444,Amelielens,Amelie Lens,57.7,1,734ebe20f112,Alberto Ruiz & Art und Weise - Exit,0,0.67,-1.08,-1.74,9055,1.0015,99,198,8,5,1,confident,0.33,3.0,85,245,1318.9
8d5abd9444,Amelielens,Amelie Lens,57.7,2,36aeb89805ad,Wehbba - Awaken,0,5.0,2.63,-2.37,2970,1.0045,99,198,8,6,1,confident,3.98,6.31,82,222,59.5
8d5abd9444,Amelielens,Amelie Lens,57.7,3,a3432970ffed,Ellen Trenn - Pleaser,0,8.1,6.5,-1.6,597,0.9805,99,198,7,4,1,confident,7.8,10.8,77,253,67.1
8d5abd9444,Amelielens,Amelie Lens,57.7,4,39336c750b52,Eli Brown - Remedy,0,11.25,10.63,-0.62,883,1.001,99,198,6,5,1,confident,11.85,12.85,74,134,44.7
8d5abd9444,Amelielens,Amelie Lens,57.7,5,32680c920967,SAMOH - Slave To Society,0,14.9,13.51,-1.39,329,0.9995,99,198,8,1,1,by votes,15.35,19.01,110,330,86.2
8d5abd9444,Amelielens,Amelie Lens,57.7,6,2eb2f06114bf,Amelie Lens - Feel It,0,19.17,18.84,-0.33,895,0.977,99,198,6,5,1,confident,18.97,21.3,8,145,68.3
8d5abd9444,Amelielens,Amelie Lens,57.7,7,9ce59382d4e9,Frankyeffe & MOTVS - Fall Down,0,22.97,21.97,-1.0,297,0.9995,99,198,6,2,1,by votes,23.34,25.83,82,232,70.9
8d5abd9444,Amelielens,Amelie Lens,57.7,8,73fdb6d6eb3b,Niels van Gogh - Pulverturm (ANNA Rework),0,26.03,24.2,-1.84,243,0.9985,99,198,9,1,1,by votes,26.42,30.25,133,363,90.9
8d5abd9444,Amelielens,Amelie Lens,57.7,9,1628678e83a7,VENTUR - Let It Kick,0,30.05,28.87,-1.18,199,1.0,99,198,8,1,1,by votes,31.29,34.45,145,335,83.9
8d5abd9444,Amelielens,Amelie Lens,57.7,10,7a22a0488d13,ARDL - Hyperactive,0,34.48,33.43,-1.05,277,0.9995,99,198,8,2,1,by votes,35.31,37.47,112,242,71.5
8d5abd9444,Amelielens,Amelie Lens,57.7,11,97a1d5ccd2e7,Milo Spykers - Ghostrider,0,36.0,38.29,2.29,577,0.9985,99,198,7,2,1,by votes,40.21,42.54,115,254,59.6
8d5abd9444,Amelielens,Amelie Lens,57.7,12,875752bc8919,Luciid - Era Of Us,0,38.93,41.84,2.9,431,0.9995,99,198,6,1,1,by votes,43.78,44.78,116,176,78.4
8d5abd9444,Amelielens,Amelie Lens,57.7,13,0976a96737f0,SIKOTI - Fallin' In Love,0,46.3,45.57,-0.73,371,0.9995,99,198,7,1,1,by votes,46.07,50.07,30,270,73.8
8d5abd9444,Amelielens,Amelie Lens,57.7,14,d37e664498bc,Amelie Lens - Underneath The Strobelights,0,50.48,49.25,-1.23,271,0.9995,99,198,6,1,1,by votes,51.06,53.89,108,278,61.0
8d5abd9444,Amelielens,Amelie Lens,57.7,15,4dc4ed5186a1,Amelie Lens - Breathe,0,54.02,50.61,-3.41,166,1.047,99,198,9,1,0,not found,54.15,57.48,222,431,90.4
8d5abd9444,Amelielens,Amelie Lens,57.7,,ee4da4b9ab0f,DJ Chus - Underwater,1,,39.3,,71,0.9865,99,198,9,1,0,control,39.58,46.08,17,401,86.3
8d5abd9444,Amelielens,Amelie Lens,57.7,,a1df701fa930,X-Alox - Lost In The Sound,1,,41.45,,99,1.019,99,198,7,1,0,control,41.12,46.45,0,306,65.4
8d5abd9444,Amelielens,Amelie Lens,57.7,,c024fb000d69,Snilloc - Elso (Adison Reboot),1,,40.82,,68,0.96,99,198,10,2,0,control,41.49,47.99,39,413,69.2
74a372440e,Black Coffee,Black Coffee,120.1,1,3a8465fc2de7,Charlie Chaplin - The Great Dictator's Speech,0,2.5,32.09,29.59,45,0.9585,79,158,10,1,0,not found,31.96,39.46,0,424,1468.1
74a372440e,Black Coffee,Black Coffee,120.1,2,bb130f88538b,Fat Freddy's Drop - Hope (3 Generation Walking Remix),0,4.0,3.58,-0.42,852,0.999,79,158,10,3,1,confident,7.55,8.55,238,298,78.1
74a372440e,Black Coffee,Black Coffee,120.1,3,f1c2d3bf0e96,Damian Lazarus & The Ancient Moons - Vermillion (&ME Remix),0,11.05,9.98,-1.07,633,1.0,79,158,10,1,1,by votes,12.08,17.41,126,446,80.2
74a372440e,Black Coffee,Black Coffee,120.1,4,09a299a6bbe4,Heavyhandz - Light Is New,0,17.0,16.49,-0.51,288,0.999,79,158,9,1,1,by votes,17.93,21.26,86,286,52.3
74a372440e,Black Coffee,Black Coffee,120.1,5,5c7ea384dc13,Vince Watson - Eminescence,0,22.55,21.67,-0.88,1110,1.0,79,158,11,2,1,by votes,22.15,28.15,29,389,57.8
74a372440e,Black Coffee,Black Coffee,120.1,6,e4705f569b8a,Manoo & Francois A - A Day In December,0,28.92,28.47,-0.45,73176,1.0,79,158,9,9,1,confident,29.15,34.98,41,391,52.6
74a372440e,Black Coffee,Black Coffee,120.1,7,13efcac7fe15,Nathan Adams & Richard Samuels - Sending You My Love,0,34.88,34.5,-0.39,373,0.9995,79,158,8,2,1,by votes,36.84,37.67,140,190,93.4
74a372440e,Black Coffee,Black Coffee,120.1,8,d525a0b07208,St Germain - Real Blues,0,39.42,74.36,34.94,167,1.0,79,158,9,1,1,by votes,74.55,81.21,11,404,99.5
74a372440e,Black Coffee,Black Coffee,120.1,9,2d07a0e6617b,Funkadelic - ft. Kendrick Lamar - Ain't That Funkin' Kinda Hard On You? (Louie Vega Dub Version),0,44.75,43.77,-0.98,393,1.0005,79,158,14,2,1,by votes,51.11,53.28,441,571,162.6
74a372440e,Black Coffee,Black Coffee,120.1,10,b6ae3e285b18,Black Coffee - Inkondlo Kamashimane,0,68.08,67.67,-0.42,930,0.9995,79,158,12,3,1,confident,71.85,72.85,251,311,79.6
74a372440e,Black Coffee,Black Coffee,120.1,11,ec1490fb5479,Black Coffee - The Beat Of Indlamu,0,81.83,80.98,-0.85,431,1.0,79,158,11,1,1,by votes,81.66,88.49,41,450,73.5
74a372440e,Black Coffee,Black Coffee,120.1,12,6388f0575e2c,Stones & Bones - Wrong U (Manoo Deep Mix),0,90.75,89.78,-0.97,646,1.0,79,158,11,3,1,confident,89.99,96.82,12,422,46.2
74a372440e,Black Coffee,Black Coffee,120.1,13,3d7921ffeb86,St. Nicolas - ft. Thukie - Travel The World (Sobz Drumatic Mix),0,97.92,97.0,-0.92,695,1.0,79,158,9,3,1,confident,100.62,101.62,217,277,45.8
74a372440e,Black Coffee,Black Coffee,120.1,14,179f0dfc8725,Benny T - Prayer,0,103.08,102.69,-0.39,28444,1.0,79,158,9,7,1,confident,103.16,108.49,28,348,37.8
74a372440e,Black Coffee,Black Coffee,120.1,15,555b65681123,SoundQuest - Walking With,0,108.33,107.37,-0.97,31821,1.0,79,158,11,6,1,confident,108.38,115.71,61,501,48.5
74a372440e,Black Coffee,Black Coffee,120.1,16,53a81858236d,Mike Dunn pres. MD X-Spress - God Made Me Phunky (Acappella),0,108.33,109.11,0.78,100,1.0005,79,158,7,1,0,not found,109.76,110.59,39,89,60.6
74a372440e,Black Coffee,Black Coffee,120.1,17,fc076b973d28,Ta-Ice - Four Fathers,0,115.33,114.36,-0.97,14915,1.0,79,158,9,4,1,confident,115.05,119.39,41,301,41.2
74a372440e,Black Coffee,Black Coffee,120.1,,650af77d2eda,Überdruck - Here's Freddy (Überdruck Remix),1,,10.02,,53,0.9985,79,158,9,1,0,control,10.18,16.51,9,388,77.7
74a372440e,Black Coffee,Black Coffee,120.1,,d1a3b2b73c58,Lane 8 & Grigoré - Pipi Dormir,1,,109.83,,79,0.955,79,158,6,1,0,control,109.67,114.16,0,248,50.0
74a372440e,Black Coffee,Black Coffee,120.1,,6a3253aefb5a,Green Velvet - Bigger Than Prince (Hot Since 82 Remix),1,,38.66,,45,0.961,79,158,5,1,0,control,38.5,42.16,0,202,46.0
1e5139e964,Djtennis,"Gorgon City & DJ Tennis @ Experts Only, Zamna Tulum, Mexico 2025-01-04",88.6,1,4182b878f726,Avision - Baby,0,0.0,12.36,12.36,116,1.0,82,164,9,1,0,not found,12.05,18.38,0,361,1495.2
1e5139e964,Djtennis,"Gorgon City & DJ Tennis @ Experts Only, Zamna Tulum, Mexico 2025-01-04",88.6,2,844e5c166f65,Prunk - Heat,0,5.0,3.83,-1.17,6136,1.0,82,164,8,6,1,confident,4.17,7.17,21,201,67.8
1e5139e964,Djtennis,"Gorgon City & DJ Tennis @ Experts Only, Zamna Tulum, Mexico 2025-01-04",88.6,3,6578943f7d06,Adam Ten & Bontan - Hey,0,9.75,8.45,-1.3,257,1.0005,82,164,7,1,1,by votes,9.5,12.33,63,233,76.5
1e5139e964,Djtennis,"Gorgon City & DJ Tennis @ Experts Only, Zamna Tulum, Mexico 2025-01-04",88.6,4,7bfe2fdf7410,Cromby - HOUSE FLAVA,0,17.0,16.01,-0.99,5099,0.985,82,164,8,4,1,confident,17.39,19.88,82,229,91.1
1e5139e964,Djtennis,"Gorgon City & DJ Tennis @ Experts Only, Zamna Tulum, Mexico 2025-01-04",88.6,5,81e1f20c7188,Easttown - Slipstream,0,24.0,23.39,-0.61,24816,1.0,82,164,8,4,1,confident,23.91,27.9,31,271,57.7
1e5139e964,Djtennis,"Gorgon City & DJ Tennis @ Experts Only, Zamna Tulum, Mexico 2025-01-04",88.6,7,5352a360650a,Ashee - Frisbee,0,32.0,30.48,-1.52,6786,1.0,82,164,8,6,1,confident,31.41,35.91,56,326,50.9
1e5139e964,Djtennis,"Gorgon City & DJ Tennis @ Experts Only, Zamna Tulum, Mexico 2025-01-04",88.6,8,c8e6e58ec653,Champion & Four Tet & Skrillex & Naisha - Talk To Me,0,48.0,46.06,-1.94,89,0.9995,82,164,8,1,0,not found,47.32,48.16,76,126,96.2
1e5139e964,Djtennis,"Gorgon City & DJ Tennis @ Experts Only, Zamna Tulum, Mexico 2025-01-04",88.6,9,4fac511e2347,Wallace - Willow,0,52.0,50.56,-1.44,324,0.9995,82,164,8,1,1,by votes,51.36,54.19,48,217,100.4
1e5139e964,Djtennis,"Gorgon City & DJ Tennis @ Experts Only, Zamna Tulum, Mexico 2025-01-04",88.6,10,25c27eedafb3,Green Velvet - La La Land,0,56.0,54.24,-1.76,268,0.9995,82,164,7,2,1,by votes,54.31,59.31,4,304,82.6
1e5139e964,Djtennis,"Gorgon City & DJ Tennis @ Experts Only, Zamna Tulum, Mexico 2025-01-04",88.6,11,204de0abfbd4,Gorgon City - 5 AM At Bagleys,0,60.0,59.66,-0.34,648,1.0005,82,164,6,3,1,confident,61.4,62.23,104,154,33.2
1e5139e964,Djtennis,"Gorgon City & DJ Tennis @ Experts Only, Zamna Tulum, Mexico 2025-01-04",88.6,12,3c06d2f6d5c9,DJ Tennis - Poem,0,64.0,78.87,14.87,62,0.98,82,164,10,1,0,not found,80.03,86.2,69,431,100.2
1e5139e964,Djtennis,"Gorgon City & DJ Tennis @ Experts Only, Zamna Tulum, Mexico 2025-01-04",88.6,13,ea854f36656f,Röyksopp - ft. Fever Ray & Trentemøller - What Else Is There? (True Electric) (DJ Tennis Remix),0,73.0,78.98,5.98,67,1.02,82,164,10,1,0,not found,79.86,86.03,54,431,93.1
1e5139e964,Djtennis,"Gorgon City & DJ Tennis @ Experts Only, Zamna Tulum, Mexico 2025-01-04",88.6,14,57d7dd8bff15,Not Without Friends - Mwah!,0,78.0,76.6,-1.4,308,1.0,82,164,7,2,1,by votes,78.08,80.42,89,229,81.1
1e5139e964,Djtennis,"Gorgon City & DJ Tennis @ Experts Only, Zamna Tulum, Mexico 2025-01-04",88.6,15,12d7e6abc000,Known Artist - Countdown Edit,0,81.0,80.11,-0.89,453,1.0005,82,164,8,1,1,by votes,81.77,84.94,100,290,46.5
1e5139e964,Djtennis,"Gorgon City & DJ Tennis @ Experts Only, Zamna Tulum, Mexico 2025-01-04",88.6,16,6d126758e1d4,Darco - This Is How You Do It,0,86.0,84.19,-1.81,281,1.0,82,164,7,1,1,by votes,85.38,87.88,72,222,59.9
1e5139e964,Djtennis,"Gorgon City & DJ Tennis @ Experts Only, Zamna Tulum, Mexico 2025-01-04",88.6,,0152108879ba,Super Flu - Really Really,1,,79.26,,56,1.03,82,164,10,1,0,control,79.13,85.62,0,393,79.6
1e5139e964,Djtennis,"Gorgon City & DJ Tennis @ Experts Only, Zamna Tulum, Mexico 2025-01-04",88.6,,2aabcbd70e14,Studio Apartment & Monique Bingham - Sun Ra Was Right (Kususa Remix),1,,65.23,,63,0.9895,82,164,11,1,0,control,67.27,72.6,121,438,70.8
1e5139e964,Djtennis,"Gorgon City & DJ Tennis @ Experts Only, Zamna Tulum, Mexico 2025-01-04",88.6,,aaef04bd722f,Kolombo - Freeze,1,,9.85,,82,1.04,82,164,7,1,0,control,10.32,15.15,30,323,46.9
b945ffd03d,Djtennis,"DJ Tennis @ Market Membership & Resolute NYE Night, Output Brooklyn New York, United States 2013-12-31",174.8,1,c49af7425fc6,Von Spar - Hybolt (Barnt Remix),0,1.28,0.27,-1.01,102805,1.0,115,230,10,10,1,confident,0.0,8.33,0,466,2328.2
b945ffd03d,Djtennis,"DJ Tennis @ Market Membership & Resolute NYE Night, Output Brooklyn New York, United States 2013-12-31",174.8,2,93a0396744c5,Agoria - Baptême,0,8.52,7.83,-0.69,34236,0.9785,115,230,11,10,1,confident,8.41,14.57,34,396,108.8
b945ffd03d,Djtennis,"DJ Tennis @ Market Membership & Resolute NYE Night, Output Brooklyn New York, United States 2013-12-31",174.8,3,b47f836a8407,Run Stop Restore - Corporal,0,15.02,13.75,-1.27,702,1.0075,115,230,8,7,1,confident,16.46,18.13,164,265,42.8
b945ffd03d,Djtennis,"DJ Tennis @ Market Membership & Resolute NYE Night, Output Brooklyn New York, United States 2013-12-31",174.8,4,d38974171521,Chymera - Aloof,0,19.4,18.56,-0.84,449,0.9905,115,230,9,1,1,by votes,22.04,23.38,207,286,97.7
b945ffd03d,Djtennis,"DJ Tennis @ Market Membership & Resolute NYE Night, Output Brooklyn New York, United States 2013-12-31",174.8,5,63cc88ce801c,Hunter/Game - ft. Bajka - The Island (Baikal Remix),0,31.08,30.48,-0.6,3236,1.0005,115,230,7,6,1,confident,32.21,35.21,104,284,44.0
b945ffd03d,Djtennis,"DJ Tennis @ Market Membership & Resolute NYE Night, Output Brooklyn New York, United States 2013-12-31",174.8,6,d22ae04e5f32,John Tejada - Mono On Mono,0,34.87,33.35,-1.52,18054,0.97,115,230,9,5,1,confident,34.58,37.74,72,256,76.6
b945ffd03d,Djtennis,"DJ Tennis @ Market Membership & Resolute NYE Night, Output Brooklyn New York, United States 2013-12-31",174.8,7,0ff967e24c12,Sami Koivikko - Pääjääsä,0,38.05,37.57,-0.48,21955,0.97,115,230,10,9,1,confident,38.08,44.08,30,379,80.3
b945ffd03d,Djtennis,"DJ Tennis @ Market Membership & Resolute NYE Night, Output Brooklyn New York, United States 2013-12-31",174.8,8,a4523b922c27,Elekfantz - Diggin' On You (Gui Boratto D.O.C. Mix),0,49.23,50.66,1.43,58,1.028,115,230,6,2,0,not found,51.67,53.0,62,145,42.2
b945ffd03d,Djtennis,"DJ Tennis @ Market Membership & Resolute NYE Night, Output Brooklyn New York, United States 2013-12-31",174.8,9,86d022374d58,Akabu - Phuture Bound (Âme Remix),0,54.12,52.99,-1.13,25467,1.0,115,230,11,6,1,confident,56.98,60.81,239,469,60.5
b945ffd03d,Djtennis,"DJ Tennis @ Market Membership & Resolute NYE Night, Output Brooklyn New York, United States 2013-12-31",174.8,10,2debfd0380ae,DJ Tennis - Floating Boy (Self Portrait),0,60.15,59.96,-0.19,1306,1.035,115,230,9,4,1,confident,60.48,65.64,32,353,94.1
b945ffd03d,Djtennis,"DJ Tennis @ Market Membership & Resolute NYE Night, Output Brooklyn New York, United States 2013-12-31",174.8,11,f96ae3986660,Greg Gow - The Bridge (Late Night Grand River Mix),0,66.57,66.08,-0.49,32938,0.993,115,230,10,9,1,confident,66.56,72.23,29,367,91.5
b945ffd03d,Djtennis,"DJ Tennis @ Market Membership & Resolute NYE Night, Output Brooklyn New York, United States 2013-12-31",174.8,12,766fe39a7e2f,Ten Walls - Requiem,0,78.8,78.23,-0.57,697,1.0355,115,230,10,5,1,confident,81.05,82.55,175,268,73.6
b945ffd03d,Djtennis,"DJ Tennis @ Market Membership & Resolute NYE Night, Output Brooklyn New York, United States 2013-12-31",174.8,13,11d28e0ab6d0,Mind Against - Several Times,0,84.0,146.57,62.57,42889,1.01,115,230,11,6,1,confident,150.43,153.76,233,435,107.4
b945ffd03d,Djtennis,"DJ Tennis @ Market Membership & Resolute NYE Night, Output Brooklyn New York, United States 2013-12-31",174.8,14,10ab0dfbbd3f,Ten Walls - Walking With Elephants,0,95.12,94.43,-0.68,2736,1.035,115,230,7,6,1,confident,96.62,97.95,136,219,80.0
b945ffd03d,Djtennis,"DJ Tennis @ Market Membership & Resolute NYE Night, Output Brooklyn New York, United States 2013-12-31",174.8,15,857f906ea923,Pantha Du Prince - Asha,0,99.25,98.08,-1.17,22647,0.993,115,230,9,7,1,confident,99.36,104.19,76,364,58.0
b945ffd03d,Djtennis,"DJ Tennis @ Market Membership & Resolute NYE Night, Output Brooklyn New York, United States 2013-12-31",174.8,16,3f29f4056411,Principles Of Geometry - ft. Sebastien Tellier - A Mountain for President (Joakim Remix),0,110.75,110.81,0.06,2807,1.035,115,230,11,5,1,confident,111.82,113.49,63,166,102.2
b945ffd03d,Djtennis,"DJ Tennis @ Market Membership & Resolute NYE Night, Output Brooklyn New York, United States 2013-12-31",174.8,17,f1c88465da60,Mark Henning - Blackout,0,115.55,114.21,-1.34,11617,0.9695,115,230,10,9,1,confident,115.13,121.3,54,413,59.7
b945ffd03d,Djtennis,"DJ Tennis @ Market Membership & Resolute NYE Night, Output Brooklyn New York, United States 2013-12-31",174.8,18,5a58a5bc547d,Green Velvet & Riva Starr - Robots (Mind Against Remix),0,122.28,120.05,-2.23,1159,1.033,115,230,9,8,1,confident,123.39,124.72,207,289,78.8
b945ffd03d,Djtennis,"DJ Tennis @ Market Membership & Resolute NYE Night, Output Brooklyn New York, United States 2013-12-31",174.8,19,f94df45a3694,Joseph Capriati - Fratello,0,126.45,125.73,-0.72,5270,1.0015,115,230,9,8,1,confident,127.91,130.41,131,281,29.7
b945ffd03d,Djtennis,"DJ Tennis @ Market Membership & Resolute NYE Night, Output Brooklyn New York, United States 2013-12-31",174.8,20,71d72aa672f8,Efdemin - America,0,131.62,130.98,-0.63,1346,0.9615,115,230,7,3,1,confident,133.29,135.46,133,258,44.0
b945ffd03d,Djtennis,"DJ Tennis @ Market Membership & Resolute NYE Night, Output Brooklyn New York, United States 2013-12-31",174.8,21,7f66d12ef056,A. Balter - You're A Fish,0,136.95,135.37,-1.58,43087,1.01,115,230,11,8,1,confident,136.76,141.59,84,377,75.6
b945ffd03d,Djtennis,"DJ Tennis @ Market Membership & Resolute NYE Night, Output Brooklyn New York, United States 2013-12-31",174.8,22,e9b7f0e15c72,Rebolledo - ft. Superpitcher Guest & Miriam Torres - Meet Me at Topazdeluxe,0,141.75,141.16,-0.59,3749,1.005,115,230,9,7,1,confident,143.36,145.86,133,283,61.5
b945ffd03d,Djtennis,"DJ Tennis @ Market Membership & Resolute NYE Night, Output Brooklyn New York, United States 2013-12-31",174.8,23,5af90e76ff9e,Mind Against - Avalon,0,146.87,83.64,-63.23,2416,1.017,115,230,9,7,1,confident,85.94,87.94,140,262,76.9
b945ffd03d,Djtennis,"DJ Tennis @ Market Membership & Resolute NYE Night, Output Brooklyn New York, United States 2013-12-31",174.8,24,fe07958a3266,Thomas Schumacher - Rotor,0,154.57,153.39,-1.18,935,0.995,115,230,10,6,1,confident,155.57,157.23,130,229,87.0
b945ffd03d,Djtennis,"DJ Tennis @ Market Membership & Resolute NYE Night, Output Brooklyn New York, United States 2013-12-31",174.8,25,a16c2244ecc6,Pional - It's All Over (John Talabot Stormbreak Refix),0,159.77,158.55,-1.21,1076,1.035,115,230,9,2,1,by votes,158.5,160.34,0,111,65.5
b945ffd03d,Djtennis,"DJ Tennis @ Market Membership & Resolute NYE Night, Output Brooklyn New York, United States 2013-12-31",174.8,26,008c3db6dbac,X-Press 2 - Rock 2 House (Plastikman Acid House Remix),0,162.25,159.24,-3.01,312,1.04,115,230,13,2,1,by votes,160.14,166.47,56,451,102.8
b945ffd03d,Djtennis,"DJ Tennis @ Market Membership & Resolute NYE Night, Output Brooklyn New York, United States 2013-12-31",174.8,27,0d8a750a3690,Caribou - Sun (Midland Re-edit),0,166.38,165.69,-0.69,1422,0.999,115,230,9,4,1,confident,167.04,172.2,81,390,39.2
b945ffd03d,Djtennis,"DJ Tennis @ Market Membership & Resolute NYE Night, Output Brooklyn New York, United States 2013-12-31",174.8,28,a0bfb4b87efb,Principles Of Geometry - Hcm6a,0,173.12,1.07,-172.04,62,0.971,115,230,7,1,0,not found,4.21,6.71,183,322,58.8
b945ffd03d,Djtennis,"DJ Tennis @ Market Membership & Resolute NYE Night, Output Brooklyn New York, United States 2013-12-31",174.8,,af387f5ef478,Kamilo Sanclemente - Parallel Moon,1,,107.22,,115,1.009,115,230,11,2,0,control,107.48,115.81,16,517,84.1
b945ffd03d,Djtennis,"DJ Tennis @ Market Membership & Resolute NYE Night, Output Brooklyn New York, United States 2013-12-31",174.8,,3fa07bc17f5f,The Temper Trap - Giving Up Air,1,,18.54,,78,1.0005,115,230,6,1,0,control,20.74,23.24,132,282,58.7
b945ffd03d,Djtennis,"DJ Tennis @ Market Membership & Resolute NYE Night, Output Brooklyn New York, United States 2013-12-31",174.8,,96eaa95e298b,AIROD - Meet Me In The Club,1,,21.17,,64,1.0005,115,230,7,1,0,control,21.03,25.86,0,281,72.6
a08cb2cccb,Djtennis,"DJ Tennis @ Robot Heart, Burning Man, United States 2017-11-16",214.8,1,f0e8e366c42e,Boris Dlugosch & CASSARA - Traveller,0,6.52,6.23,-0.29,917,0.996,67,134,9,7,1,confident,10.0,11.16,225,295,2510.5
a08cb2cccb,Djtennis,"DJ Tennis @ Robot Heart, Burning Man, United States 2017-11-16",214.8,2,2dce70ceb1d9,The Juan MacLean - The Brighter The Light (DJ Tennis Remix),0,12.47,11.94,-0.53,3831,1.003,67,134,11,10,1,confident,14.91,17.24,179,319,69.7
a08cb2cccb,Djtennis,"DJ Tennis @ Robot Heart, Burning Man, United States 2017-11-16",214.8,3,c5e27d9ff406,Woo York - There Is A Light,0,19.07,20.04,0.98,569,1.0025,67,134,7,5,1,confident,20.61,23.11,34,185,82.4
a08cb2cccb,Djtennis,"DJ Tennis @ Robot Heart, Burning Man, United States 2017-11-16",214.8,4,68d830002de5,Tiga - Eye Luv U (Butch 80's Acid Warehouse Remix),0,23.45,22.72,-0.73,519,0.9995,67,134,8,1,1,by votes,23.8,27.96,65,315,52.0
a08cb2cccb,Djtennis,"DJ Tennis @ Robot Heart, Burning Man, United States 2017-11-16",214.8,5,b8a64ecccf78,Kerrier District - Techno Disco (KiNK Remix),0,28.25,27.78,-0.47,605,1.0005,67,134,11,1,1,by votes,29.64,31.64,111,231,100.2
a08cb2cccb,Djtennis,"DJ Tennis @ Robot Heart, Burning Man, United States 2017-11-16",214.8,6,47b9dcbc197a,Simple Symmetry - Voodoo Your Ex,0,33.57,32.06,-1.51,489,1.001,67,134,10,1,1,by votes,32.71,39.54,39,436,73.2
a08cb2cccb,Djtennis,"DJ Tennis @ Robot Heart, Burning Man, United States 2017-11-16",214.8,7,d2756cfd118e,Hercules & Love Affair - ft. Faris Badwan - Controller (Mike Simonetti Remix),0,39.55,38.57,-0.98,540,1.0015,67,134,9,2,1,by votes,41.81,42.81,195,255,66.7
a08cb2cccb,Djtennis,"DJ Tennis @ Robot Heart, Burning Man, United States 2017-11-16",214.8,8,c30f2d7f549a,Axel Boman - Nokturn (Grand Finale),0,54.75,54.51,-0.24,517,1.0,67,134,13,1,1,by votes,56.34,61.18,110,400,86.0
a08cb2cccb,Djtennis,"DJ Tennis @ Robot Heart, Burning Man, United States 2017-11-16",214.8,9,b4de76ea4a6e,Dinky - Casa (Axel Boman Dub Mix),0,59.22,60.62,1.4,3903,0.9955,67,134,13,10,1,confident,63.47,65.81,171,310,90.0
a08cb2cccb,Djtennis,"DJ Tennis @ Robot Heart, Burning Man, United States 2017-11-16",214.8,10,289d76bf19c3,Recloose - Cardiology (Isolée Remix),0,67.88,67.34,-0.54,1295,0.993,67,134,9,5,1,confident,68.96,71.12,96,225,55.8
a08cb2cccb,Djtennis,"DJ Tennis @ Robot Heart, Burning Man, United States 2017-11-16",214.8,11,128abdad6ebd,Laurent Garnier - The Man With The Red Face,0,71.7,71.99,0.29,98,0.999,67,134,12,1,0,not found,72.95,80.61,58,517,147.8
a08cb2cccb,Djtennis,"DJ Tennis @ Robot Heart, Burning Man, United States 2017-11-16",214.8,12,0818d2c48dc9,Oxia - Domino,0,76.43,75.55,-0.89,573,1.0,67,134,10,2,1,by votes,77.79,80.46,135,294,72.3
a08cb2cccb,Djtennis,"DJ Tennis @ Robot Heart, Burning Man, United States 2017-11-16",214.8,13,4f7033c9152f,Manuel Tur - Ela,0,86.73,86.51,-0.23,419,1.0,67,134,9,1,1,by votes,89.21,91.04,162,272,51.4
a08cb2cccb,Djtennis,"DJ Tennis @ Robot Heart, Burning Man, United States 2017-11-16",214.8,14,39a4b328d251,Maher Daniel & Jon Charnis - Lonely Stars In Open Skies (Luca Bacchetti Remix),0,92.8,91.89,-0.91,336,1.0015,67,134,13,3,1,confident,96.3,98.3,265,386,125.8
a08cb2cccb,Djtennis,"DJ Tennis @ Robot Heart, Burning Man, United States 2017-11-16",214.8,15,543d979fad5e,Depeche Mode - The Sinner In Me (Ricardo Villalobos Conclave Remix),0,99.95,98.75,-1.2,17526,1.0,67,134,17,7,1,confident,101.51,106.51,165,465,83.0
a08cb2cccb,Djtennis,"DJ Tennis @ Robot Heart, Burning Man, United States 2017-11-16",214.8,16,08977e1125d2,Ashworth - Lost,0,108.98,107.37,-1.61,722,1.0,67,134,9,3,1,confident,110.09,112.43,163,303,48.2
a08cb2cccb,Djtennis,"DJ Tennis @ Robot Heart, Burning Man, United States 2017-11-16",214.8,17,d356ec946fa4,Joakim - On The Beach (Superpitcher Remix),0,114.17,33.45,-80.72,75,1.01,67,134,11,1,0,not found,33.41,41.91,0,493,95.7
a08cb2cccb,Djtennis,"DJ Tennis @ Robot Heart, Burning Man, United States 2017-11-16",214.8,18,af722dc944ad,Sascha Funke - MZ,0,122.45,122.45,-0.0,6693,0.9985,67,134,7,4,1,confident,122.28,125.45,0,180,34.7
a08cb2cccb,Djtennis,"DJ Tennis @ Robot Heart, Burning Man, United States 2017-11-16",214.8,19,2c0a99b3f583,KiNK - Perth,0,127.53,126.62,-0.91,494,0.9915,67,134,7,1,1,by votes,128.05,130.38,85,224,52.6
a08cb2cccb,Djtennis,"DJ Tennis @ Robot Heart, Burning Man, United States 2017-11-16",214.8,20,82282e893c2a,Everything But The Girl - Missing (Todd Terry Remix),0,131.07,131.11,0.05,1688,1.005,67,134,5,5,1,confident,131.59,134.09,29,180,31.1
a08cb2cccb,Djtennis,"DJ Tennis @ Robot Heart, Burning Man, United States 2017-11-16",214.8,21,ee38330f17e9,Unit 2 - Sunshine (KiNK Remix),0,135.58,135.37,-0.21,1327,1.0005,67,134,10,3,1,confident,135.89,138.89,31,211,56.4
a08cb2cccb,Djtennis,"DJ Tennis @ Robot Heart, Burning Man, United States 2017-11-16",214.8,22,0145a8155b1d,Chilly - For Your Love (Todd Terje Re-edit),0,141.1,137.9,-3.2,180,0.963,67,134,12,1,1,by votes,142.96,145.62,292,446,95.8
a08cb2cccb,Djtennis,"DJ Tennis @ Robot Heart, Burning Man, United States 2017-11-16",214.8,23,38e858def9c6,TB - Invitation To Love,0,147.83,146.84,-1.0,412,1.0005,67,134,11,1,1,by votes,148.14,154.64,78,468,53.9
a08cb2cccb,Djtennis,"DJ Tennis @ Robot Heart, Burning Man, United States 2017-11-16",214.8,24,e446497a974b,Mano Negra - ft. Made In TLV - Sueno De Solentiname,0,154.62,152.21,-2.41,148,0.9985,67,134,8,2,1,by votes,156.38,157.21,250,300,66.6
a08cb2cccb,Djtennis,"DJ Tennis @ Robot Heart, Burning Man, United States 2017-11-16",214.8,25,5e9d617def45,Rufus & Chaka Khan - Ain't Nobody,0,160.13,160.15,0.01,430,0.996,67,134,5,3,1,confident,161.9,162.74,105,155,54.3
a08cb2cccb,Djtennis,"DJ Tennis @ Robot Heart, Burning Man, United States 2017-11-16",214.8,26,4bbaa2212ca3,Tony Orlando - Don't Let Go (Pete Herbert Edit),0,164.33,164.23,-0.1,237,0.998,67,134,9,1,1,by votes,164.08,170.74,0,390,89.0
a08cb2cccb,Djtennis,"DJ Tennis @ Robot Heart, Burning Man, United States 2017-11-16",214.8,27,748840500281,Dinosaur L - Go Bang! #5 (François K Remix),0,181.22,181.06,-0.16,1041,0.969,67,134,10,10,1,confident,183.21,188.21,125,416,105.1
a08cb2cccb,Djtennis,"DJ Tennis @ Robot Heart, Burning Man, United States 2017-11-16",214.8,28,0e3edc324ce9,Jamie Lewis - Cookys 3,0,187.95,35.44,-152.51,91,0.9785,67,134,12,2,0,not found,36.87,44.37,84,524,90.2
a08cb2cccb,Djtennis,"DJ Tennis @ Robot Heart, Burning Man, United States 2017-11-16",214.8,29,d1fe8533361f,Superpitcher - Rabbits In A Hurry,0,,190.75,,4230,0.995,67,134,10,2,1,by votes,191.43,193.93,41,190,47.2
a08cb2cccb,Djtennis,"DJ Tennis @ Robot Heart, Burning Man, United States 2017-11-16",214.8,30,4129acadc159,Spring Break - Sold My Sylver,0,206.75,205.96,-0.79,563,1.0005,67,134,14,1,1,by votes,206.9,211.9,56,356,63.4
a08cb2cccb,Djtennis,"DJ Tennis @ Robot Heart, Burning Man, United States 2017-11-16",214.8,,37ca14dd9f96,Mella Dee - ft. Infinite Coles - Love It Or Not,1,,137.85,,42,1.03,67,134,4,1,0,control,137.59,141.08,0,195,41.1
a08cb2cccb,Djtennis,"DJ Tennis @ Robot Heart, Burning Man, United States 2017-11-16",214.8,,d50e5c0299be,Aleyum - Penumbral,1,,44.46,,56,0.998,67,134,6,1,0,control,44.5,48.84,3,256,47.9
a08cb2cccb,Djtennis,"DJ Tennis @ Robot Heart, Burning Man, United States 2017-11-16",214.8,,b29d49790c5b,Cobblestone Jazz - Change Your Apesuit,1,,38.03,,67,0.98,67,134,11,2,0,control,38.44,46.1,24,464,68.6
3ec220759a,Solomun,"Solomun @ IN House.Club Passo Fundo, Brazil 2011-08-05",223.3,1,8f2ffbd55937,David August - You Got To Love Me,0,0.0,144.44,144.44,44,1.0,85,170,8,2,0,not found,145.32,149.98,53,333,2695.0
3ec220759a,Solomun,"Solomun @ IN House.Club Passo Fundo, Brazil 2011-08-05",223.3,2,0030b0b50823,Jonny Cruz & Lati - Crack Is Whack (The Kings Arms Remix),0,4.0,2.61,-1.39,304,1.0475,85,170,9,5,1,confident,4.8,5.63,137,190,82.6
3ec220759a,Solomun,"Solomun @ IN House.Club Passo Fundo, Brazil 2011-08-05",223.3,3,735020c6b4c7,Daniel Dexter & Nhan Solo - Our Thang,0,9.0,7.42,-1.58,2251,1.0005,85,170,7,2,1,by votes,8.09,9.92,40,150,49.5
3ec220759a,Solomun,"Solomun @ IN House.Club Passo Fundo, Brazil 2011-08-05",223.3,4,1dae9f91d575,Jamie Jones - Whiff It Yawl,0,12.0,158.93,146.93,94,0.9905,85,170,10,2,0,not found,160.35,166.68,84,457,129.0
3ec220759a,Solomun,"Solomun @ IN House.Club Passo Fundo, Brazil 2011-08-05",223.3,5,d81123f7615f,Maceo Plex - Falling,0,17.0,15.83,-1.17,10990,0.993,85,170,10,6,1,confident,19.12,22.45,196,395,109.8
3ec220759a,Solomun,"Solomun @ IN House.Club Passo Fundo, Brazil 2011-08-05",223.3,6,309624f35fb9,Solomun - Daddy's Jam,0,27.0,25.36,-1.64,4309,1.015,85,170,11,9,1,confident,29.93,32.43,278,430,109.9
3ec220759a,Solomun,"Solomun @ IN House.Club Passo Fundo, Brazil 2011-08-05",223.3,7,69eee8d8fd56,Thyladomid & Adriatique - ft. Feist - Deep In The Three,0,34.0,31.71,-2.29,2930,1.0235,85,170,11,7,1,confident,34.44,36.94,168,321,123.3
3ec220759a,Solomun,"Solomun @ IN House.Club Passo Fundo, Brazil 2011-08-05",223.3,8,4f59bef31e25,Lil' Louis & The World - The Conversation (Christopher Groove & Andy Catana Doeasy Edit),0,48.0,47.29,-0.71,5872,0.9915,85,170,9,5,1,confident,49.17,51.84,112,270,94.1
3ec220759a,Solomun,"Solomun @ IN House.Club Passo Fundo, Brazil 2011-08-05",223.3,9,2e5d1bfacd08,Kenny Hawkes & Louise Carver - Play The Game (Joris Voorn Dusty Dub),0,60.0,57.87,-2.13,1939,0.9755,85,170,10,5,1,confident,62.4,64.9,265,412,110.9
3ec220759a,Solomun,"Solomun @ IN House.Club Passo Fundo, Brazil 2011-08-05",223.3,10,9b646e095d51,Kraak & Smaak - ft. Romanthony - Let's Go Back (Solomun Remix),0,65.0,64.38,-0.62,37972,0.9955,85,170,11,10,1,confident,64.79,71.96,25,452,79.7
3ec220759a,Solomun,"Solomun @ IN House.Club Passo Fundo, Brazil 2011-08-05",223.3,11,6d2cb9867db2,David August - Hamburg Is For Lovers,0,72.0,70.26,-1.74,3651,1.0205,85,170,11,8,1,confident,74.37,76.71,252,395,89.4
3ec220759a,Solomun,"Solomun @ IN House.Club Passo Fundo, Brazil 2011-08-05",223.3,12,92135bddaceb,Noir & Haze - Around (Solomun Vox),0,78.0,77.74,-0.26,199,1.045,85,170,9,3,1,confident,80.11,82.44,149,295,76.4
3ec220759a,Solomun,"Solomun @ IN House.Club Passo Fundo, Brazil 2011-08-05",223.3,13,347c976d9c7d,The Chemical Brothers - Nude Night,0,85.0,84.1,-0.9,88,1.0025,85,170,8,1,0,not found,84.17,90.34,5,375,58.7
3ec220759a,Solomun,"Solomun @ IN House.Club Passo Fundo, Brazil 2011-08-05",223.3,14,60edcd4e1959,Osunlade - Envision (Âme Remix),0,90.0,89.69,-0.31,1302,1.0015,85,170,7,3,1,confident,89.9,93.73,13,243,41.0
3ec220759a,Solomun,"Solomun @ IN House.Club Passo Fundo, Brazil 2011-08-05",223.3,15,7b51b6ae966e,The xx - Stars (UNER Revision),0,102.0,104.99,2.99,3022,1.027,85,170,3,3,1,confident,104.76,107.26,0,125,22.6
3ec220759a,Solomun,"Solomun @ IN House.Club Passo Fundo, Brazil 2011-08-05",223.3,16,afaa4c6cc47e,Talking Heads - Psycho Killer (Drop Out Orchestra Rework),0,114.0,113.16,-0.84,12908,0.993,85,170,7,4,1,confident,113.17,116.83,0,219,62.4
3ec220759a,Solomun,"Solomun @ IN House.Club Passo Fundo, Brazil 2011-08-05",223.3,17,5cc4050dcfda,The Supermen Lovers - Family Business,0,120.0,118.2,-1.8,6002,0.977,85,170,7,7,1,confident,119.07,121.9,51,217,54.8
3ec220759a,Solomun,"Solomun @ IN House.Club Passo Fundo, Brazil 2011-08-05",223.3,18,5e93ec54e6f0,Bibio - Lovers Carvings (Catz 'N Dogz Re-edit),0,124.0,121.84,-2.16,2499,1.0095,85,170,9,3,1,confident,123.92,126.09,126,257,79.9
3ec220759a,Solomun,"Solomun @ IN House.Club Passo Fundo, Brazil 2011-08-05",223.3,19,327a6707c89e,Paul Johnson - Get Get Down,0,128.0,127.5,-0.5,7880,0.9705,85,170,8,4,1,confident,127.92,130.59,25,180,69.2
3ec220759a,Solomun,"Solomun @ IN House.Club Passo Fundo, Brazil 2011-08-05",223.3,20,51c85674053b,Audiojack - Strength In Numbers,0,132.0,179.35,47.35,52,0.9965,85,170,11,1,0,not found,179.52,187.85,10,490,67.2
3ec220759a,Solomun,"Solomun @ IN House.Club Passo Fundo, Brazil 2011-08-05",223.3,21,d3d6e24e9abf,H.O.S.H. - Antonelli Screaming (Steve Bug Remix),0,140.0,138.58,-1.42,33751,0.9995,85,170,10,7,1,confident,139.42,145.08,51,390,41.2
3ec220759a,Solomun,"Solomun @ IN House.Club Passo Fundo, Brazil 2011-08-05",223.3,22,91766486e2c5,Modern Amusement - Cold As Ice (Louie Fresco Remix),0,146.0,144.74,-1.26,74,1.042,85,170,9,1,0,not found,145.02,150.02,18,330,74.4
3ec220759a,Solomun,"Solomun @ IN House.Club Passo Fundo, Brazil 2011-08-05",223.3,23,0db7b9f7a1b9,Fet Et Moi - Paris Is For Lovers,0,157.0,155.36,-1.64,2813,0.997,85,170,10,5,1,confident,157.64,160.31,137,296,44.3
3ec220759a,Solomun,"Solomun @ IN House.Club Passo Fundo, Brazil 2011-08-05",223.3,24,9debcaa5d762,DJ T. - ft. Cari Golden - City Life (Maceo Plex Remix),0,161.0,159.66,-1.34,36439,1.015,85,170,11,8,1,confident,160.11,165.94,27,382,81.9
3ec220759a,Solomun,"Solomun @ IN House.Club Passo Fundo, Brazil 2011-08-05",223.3,25,32412ba951e7,Slam - ft. Tyrone Palmer - This World (Wighnomy Brothers & Robag Wruhme Bukkelflipps Remix),0,172.0,172.76,0.76,340,0.9545,85,170,10,3,1,confident,177.11,178.11,249,307,73.4
3ec220759a,Solomun,"Solomun @ IN House.Club Passo Fundo, Brazil 2011-08-05",223.3,26,e9de424cf04c,Erik Holmberg & Niko Bellotto - ft. JB - Running Up That Hill (Koki Remix),0,181.0,180.5,-0.5,22573,0.983,85,170,5,5,1,confident,180.17,184.83,0,240,55.7
3ec220759a,Solomun,"Solomun @ IN House.Club Passo Fundo, Brazil 2011-08-05",223.3,27,4855de3b3984,Edu Imbernon & Los Suruba - Punset (Solomun Remix),0,189.0,188.12,-0.88,29912,0.9915,85,170,12,10,1,confident,188.62,196.95,30,525,85.8
3ec220759a,Solomun,"Solomun @ IN House.Club Passo Fundo, Brazil 2011-08-05",223.3,28,caef684796b8,D.B. - Limit,0,197.0,212.64,15.64,56,1.0405,85,170,8,2,0,not found,213.03,218.53,24,368,77.0
3ec220759a,Solomun,"Solomun @ IN House.Club Passo Fundo, Brazil 2011-08-05",223.3,29,a4e6248dbd66,Death On The Balcony - Cruel Banana,0,203.0,201.52,-1.48,131,1.0465,85,170,9,2,0,not found,203.94,204.77,152,204,81.8
3ec220759a,Solomun,"Solomun @ IN House.Club Passo Fundo, Brazil 2011-08-05",223.3,30,f93a3be8e581,Feist - Sea Lion (Chromeo Remix),0,210.0,208.22,-1.78,408,1.047,85,170,5,4,1,confident,208.67,209.5,28,81,44.9
3ec220759a,Solomun,"Solomun @ IN House.Club Passo Fundo, Brazil 2011-08-05",223.3,31,f9d9de653571,The Human League - Things That Dreams Are Made Of,0,220.0,219.01,-0.99,633,0.9715,85,170,6,2,1,by votes,220.41,223.41,82,255,51.2
3ec220759a,Solomun,"Solomun @ IN House.Club Passo Fundo, Brazil 2011-08-05",223.3,,6d63ed583c1c,Tassilo Hagstrom - Berlin,1,,216.24,,61,0.972,85,170,9,1,0,control,217.8,223.3,91,402,65.2
3ec220759a,Solomun,"Solomun @ IN House.Club Passo Fundo, Brazil 2011-08-05",223.3,,32fa10afa878,Rafael & Millero - Say That,1,,189.88,,85,0.9915,85,170,7,1,0,control,189.98,195.31,6,323,52.7
3ec220759a,Solomun,"Solomun @ IN House.Club Passo Fundo, Brazil 2011-08-05",223.3,,172e8b7f0a0c,Kollektiv Turmstrasse - Ribbon Reef,1,,-1.91,,82,1.001,85,170,14,1,0,control,0.17,8.83,125,639,103.2
2ead1f9cd1,Solomun,"Solomun @ Time Warp, Germany 2022-10-29",178.8,1,cf09b1edc080,Red Axes - Some Lights,0,0.33,-1.59,-1.92,137,1.0005,72,144,8,1,0,not found,0.0,3.5,95,305,2834.5
2ead1f9cd1,Solomun,"Solomun @ Time Warp, Germany 2022-10-29",178.8,2,cd32d4636c8b,Cayam aka Maya Jane Coles - Chaos In The Distance,0,5.0,3.15,-1.85,279,0.999,72,144,8,1,1,by votes,3.61,8.11,28,297,81.9
2ead1f9cd1,Solomun,"Solomun @ Time Warp, Germany 2022-10-29",178.8,3,cfac9fdd5e75,Avery - Inside,0,14.03,61.29,47.26,37,0.99,72,144,6,2,0,not found,61.15,66.31,0,284,70.4
2ead1f9cd1,Solomun,"Solomun @ Time Warp, Germany 2022-10-29",178.8,4,582650efbd25,AFFKT - Valent,0,15.0,82.36,67.36,49,0.97,72,144,9,1,0,not found,82.46,88.12,5,335,93.0
2ead1f9cd1,Solomun,"Solomun @ Time Warp, Germany 2022-10-29",178.8,5,b258921d5602,Glowal - Figures,0,18.43,17.72,-0.72,255,0.9995,72,144,9,1,1,by votes,18.01,24.17,17,387,99.1
2ead1f9cd1,Solomun,"Solomun @ Time Warp, Germany 2022-10-29",178.8,6,680c86c4e9d9,SOPHIE - Hard (Boys Noize & X&G Remix),0,28.72,90.58,61.87,47,1.01,72,144,7,1,0,not found,90.63,95.63,3,306,73.1
2ead1f9cd1,Solomun,"Solomun @ Time Warp, Germany 2022-10-29",178.8,7,3a293c095201,Camea - ft. Saskia Krause - Feel You (Will Clarke Remix),0,33.0,29.95,-3.05,156,1.0,72,144,8,1,1,by votes,31.29,35.12,80,310,86.7
2ead1f9cd1,Solomun,"Solomun @ Time Warp, Germany 2022-10-29",178.8,8,c941ccff892d,METODI - Extreme Ways,0,36.0,34.5,-1.5,169,0.9995,72,144,8,2,1,by votes,37.28,38.45,167,237,74.1
2ead1f9cd1,Solomun,"Solomun @ Time Warp, Germany 2022-10-29",178.8,9,638940591c2c,Negroni Nails - White Matter,0,46.42,45.48,-0.94,70,0.9995,72,144,9,1,0,not found,46.2,52.04,44,393,76.9
2ead1f9cd1,Solomun,"Solomun @ Time Warp, Germany 2022-10-29",178.8,10,1d29da91be02,Skin On Skin - Burn Dem Bridges,0,50.08,50.01,-0.07,108,0.986,72,144,6,1,0,not found,50.42,54.91,24,281,62.4
2ead1f9cd1,Solomun,"Solomun @ Time Warp, Germany 2022-10-29",178.8,11,d9801befe920,Eli Brown - NRG,0,56.0,88.96,32.96,61,1.001,72,144,10,1,0,not found,88.84,96.5,0,436,84.8
2ead1f9cd1,Solomun,"Solomun @ Time Warp, Germany 2022-10-29",178.8,12,c714060a2d61,Matt Guy - Wait No More,0,60.25,58.86,-1.39,366,0.9995,72,144,9,2,1,by votes,60.12,64.45,75,335,84.6
2ead1f9cd1,Solomun,"Solomun @ Time Warp, Germany 2022-10-29",178.8,13,c480e2d7c5db,Airwolf Paradise - ft. Paul Johnson - Only Man,0,65.12,64.05,-1.07,221,1.0005,72,144,7,3,1,confident,64.26,69.59,13,332,71.7
2ead1f9cd1,Solomun,"Solomun @ Time Warp, Germany 2022-10-29",178.8,14,f061b65309e7,Aad Mouthaan - Love Juice,0,65.12,30.77,-34.35,67,1.0395,72,144,9,1,0,not found,32.0,37.0,77,389,68.7
2ead1f9cd1,Solomun,"Solomun @ Time Warp, Germany 2022-10-29",178.8,15,87a8c81f55dd,Airwolf Paradise - No Return,0,69.48,68.66,-0.83,109,0.9995,72,144,7,2,0,not found,69.34,73.0,41,261,69.7
2ead1f9cd1,Solomun,"Solomun @ Time Warp, Germany 2022-10-29",178.8,16,422c928e1c72,Mathias Kaden - Close To Me,0,73.37,72.6,-0.77,97,0.9995,72,144,9,1,0,not found,73.4,79.07,48,388,76.1
2ead1f9cd1,Solomun,"Solomun @ Time Warp, Germany 2022-10-29",178.8,17,c5b14ce41de7,Kyle Geiger - Mimetic Desire,0,78.95,82.7,3.75,71,1.0225,72,144,10,1,0,not found,82.71,89.54,1,420,59.8
2ead1f9cd1,Solomun,"Solomun @ Time Warp, Germany 2022-10-29",178.8,18,dd9d3588b8f0,Spencer Parker - Yogoto,0,83.67,81.45,-2.22,365,1.0,72,144,13,2,1,by votes,82.83,88.5,83,423,68.8
2ead1f9cd1,Solomun,"Solomun @ Time Warp, Germany 2022-10-29",178.8,19,3cc8b50cf93c,Narciss - Power 2 Tha People,0,89.0,87.97,-1.03,146,1.002,72,144,8,1,1,by votes,88.94,93.27,58,318,63.7
2ead1f9cd1,Solomun,"Solomun @ Time Warp, Germany 2022-10-29",178.8,20,1465be4f8060,A.D.H.S. - Paranoize,0,93.28,82.2,-11.08,58,0.958,72,144,5,1,0,not found,82.46,85.96,15,205,38.6
2ead1f9cd1,Solomun,"Solomun @ Time Warp, Germany 2022-10-29",178.8,21,ec9c32494666,Polymorphic - Chicks Love The Car (Attaque Remix),0,98.0,96.64,-1.36,99,1.0,72,144,7,1,0,not found,98.15,101.49,91,291,62.5
2ead1f9cd1,Solomun,"Solomun @ Time Warp, Germany 2022-10-29",178.8,22,16e4e3415b36,David Löhlein - Bad Bitch,0,102.0,139.07,37.07,53,1.021,72,144,6,1,0,not found,139.6,140.93,32,114,40.7
2ead1f9cd1,Solomun,"Solomun @ Time Warp, Germany 2022-10-29",178.8,23,69e4a1296e7b,Grigoré - Avalanche,0,106.5,105.21,-1.29,117,0.9985,72,144,8,1,0,not found,106.18,110.67,58,327,64.5
2ead1f9cd1,Solomun,"Solomun @ Time Warp, Germany 2022-10-29",178.8,24,b97ae98081ed,KH - Looking At Your Pager (Solomun Remix),0,110.83,111.8,0.96,580,1.006,72,144,6,4,1,confident,114.35,115.68,154,235,31.4
2ead1f9cd1,Solomun,"Solomun @ Time Warp, Germany 2022-10-29",178.8,25,bfdb7222c8c4,Schwefelgelb - Das Ist Wellness,0,117.0,116.15,-0.85,206,0.9995,72,144,7,1,1,by votes,116.15,120.32,0,250,50.9
2ead1f9cd1,Solomun,"Solomun @ Time Warp, Germany 2022-10-29",178.8,26,7e9aeb72a550,Sharooz - Hysteresis (TWR72 Remix),0,122.0,114.25,-7.75,57,0.9815,72,144,10,1,0,not found,114.69,120.52,26,370,60.9
2ead1f9cd1,Solomun,"Solomun @ Time Warp, Germany 2022-10-29",178.8,27,e153b5fc384b,Return Of The Living Acid - Big Dipper (Twitched Down Version),0,127.0,125.58,-1.42,254,0.999,72,144,9,1,1,by votes,125.94,130.94,22,321,75.4
2ead1f9cd1,Solomun,"Solomun @ Time Warp, Germany 2022-10-29",178.8,28,719b69f441a5,Disfreq - Como,0,137.0,135.3,-1.7,198,1.0,72,144,8,2,1,by votes,137.59,140.92,138,337,57.3
2ead1f9cd1,Solomun,"Solomun @ Time Warp, Germany 2022-10-29",178.8,29,eac4316dbdcd,Takaaki Itoh - Wisher,0,142.5,69.9,-72.6,29,1.031,72,144,8,1,0,not found,70.03,73.03,8,194,45.6
2ead1f9cd1,Solomun,"Solomun @ Time Warp, Germany 2022-10-29",178.8,30,776a6576ee85,Mayfie & Jeremy Stott - Capture,0,148.0,145.59,-2.41,98,1.0005,72,144,9,1,0,not found,145.99,150.99,24,324,68.5
2ead1f9cd1,Solomun,"Solomun @ Time Warp, Germany 2022-10-29",178.8,31,7b9364af6182,Tiff Cornish - Dance Maniac,0,152.0,77.01,-74.99,56,1.0,72,144,6,1,0,not found,76.94,81.61,0,262,50.6
2ead1f9cd1,Solomun,"Solomun @ Time Warp, Germany 2022-10-29",178.8,32,b7a685da6501,Filterheadz & Horatio - Bells Of Brightones,0,156.0,156.01,0.01,287,0.9985,72,144,5,1,1,by votes,156.03,160.03,1,241,39.6
2ead1f9cd1,Solomun,"Solomun @ Time Warp, Germany 2022-10-29",178.8,33,607cc2f1cb42,Filterheadz & Horatio - Metaphysical,0,162.0,161.52,-0.48,401,0.997,72,144,6,3,1,confident,162.03,166.36,30,272,47.5
2ead1f9cd1,Solomun,"Solomun @ Time Warp, Germany 2022-10-29",178.8,34,d8a7017673f3,Yves Deruyter - The Rebel,0,168.0,165.31,-2.69,216,0.9995,72,144,11,2,1,by votes,169.38,173.22,244,474,99.7
2ead1f9cd1,Solomun,"Solomun @ Time Warp, Germany 2022-10-29",178.8,35,aba4be758e7d,Fred again.. & Swedish House Mafia - ft. Future - Turn On The Lights Again.. (Solomun Remix),0,175.0,172.81,-2.19,228,1.0,72,144,8,2,1,by votes,175.44,177.61,158,288,64.3
2ead1f9cd1,Solomun,"Solomun @ Time Warp, Germany 2022-10-29",178.8,,6ebdc6bf803e,Oreja - Vazilando,1,,168.74,,44,1.02,72,144,8,1,0,control,169.42,174.09,42,327,62.4
2ead1f9cd1,Solomun,"Solomun @ Time Warp, Germany 2022-10-29",178.8,,a1f4773b701d,Mumbai Science - Lotus,1,,9.42,,72,1.0195,72,144,6,1,0,control,9.14,13.8,0,268,58.5
2ead1f9cd1,Solomun,"Solomun @ Time Warp, Germany 2022-10-29",178.8,,90e844cc3762,Lane 8 - Walk The Plank,1,,93.36,,47,1.01,72,144,5,1,0,control,93.47,97.3,7,239,48.4
6652dc0019,Djtennis,"DJ Tennis @ Audio Obscura, The Loft Amsterdam, Netherlands 2019-02-24",234.8,1,8029b325d77c,Stefano Ghittoni & DJ Rocca - Carrie System,0,8.42,8.16,-0.26,167,1.0005,125,250,6,1,0,not found,8.27,10.44,7,137,4666.1
6652dc0019,Djtennis,"DJ Tennis @ Audio Obscura, The Loft Amsterdam, Netherlands 2019-02-24",234.8,2,fc1a65feb323,B12 - Conduktor,0,12.08,11.7,-0.39,11258,1.0085,125,250,6,4,1,confident,11.7,14.7,0,182,62.2
6652dc0019,Djtennis,"DJ Tennis @ Audio Obscura, The Loft Amsterdam, Netherlands 2019-02-24",234.8,3,21dcadff3aec,Voices Of Black - Streets Run Red,0,17.52,17.56,0.05,9413,1.04,125,250,6,6,1,confident,18.31,22.14,47,286,60.2
6652dc0019,Djtennis,"DJ Tennis @ Audio Obscura, The Loft Amsterdam, Netherlands 2019-02-24",234.8,4,e24b35730e37,Disco Halal - Hamathil (Red Axes Edit),0,22.12,22.77,0.66,1062,1.02,125,250,4,4,1,confident,22.45,25.62,0,164,43.2
6652dc0019,Djtennis,"DJ Tennis @ Audio Obscura, The Loft Amsterdam, Netherlands 2019-02-24",234.8,5,1a345ea7dbe4,John Maus - Touchdown,0,27.32,25.21,-2.1,510,1.04,125,250,5,2,1,by votes,27.24,28.58,127,210,83.5
6652dc0019,Djtennis,"DJ Tennis @ Audio Obscura, The Loft Amsterdam, Netherlands 2019-02-24",234.8,6,f650b1296613,Imagination - Just An Illusion (Lindstrøm Vocal Remix),0,29.57,28.71,-0.85,122,1.0095,125,250,11,1,0,not found,30.72,36.05,122,445,117.7
6652dc0019,Djtennis,"DJ Tennis @ Audio Obscura, The Loft Amsterdam, Netherlands 2019-02-24",234.8,7,52f274bcd8ef,Trickski - Pill Collins,0,33.85,33.67,-0.18,1148,1.0475,125,250,10,6,1,confident,35.85,37.02,137,210,100.3
6652dc0019,Djtennis,"DJ Tennis @ Audio Obscura, The Loft Amsterdam, Netherlands 2019-02-24",234.8,8,4a7d829466ee,The Beloved - Sweet Harmony (DJ Tennis Maxi Edit),0,39.33,39.46,0.12,716,1.001,125,250,7,2,1,by votes,40.86,41.69,84,134,63.3
6652dc0019,Djtennis,"DJ Tennis @ Audio Obscura, The Loft Amsterdam, Netherlands 2019-02-24",234.8,9,2dde87cdb4f5,Massive Attack & Mad Professor - Three (Trinity Dub),0,44.3,44.61,0.31,205,0.9985,125,250,6,1,0,not found,45.12,48.62,30,240,64.4
6652dc0019,Djtennis,"DJ Tennis @ Audio Obscura, The Loft Amsterdam, Netherlands 2019-02-24",234.8,10,bf5f0b47666b,Richard Fearless - Metal Dub (DJ Richard Remix),0,49.2,48.81,-0.39,574,0.9995,125,250,10,3,1,confident,50.19,51.02,82,132,57.5
6652dc0019,Djtennis,"DJ Tennis @ Audio Obscura, The Loft Amsterdam, Netherlands 2019-02-24",234.8,11,c14629eb2f6e,LTJ Xperience - I Don't Want This Groove To Ever End,0,52.53,53.16,0.63,2346,1.035,125,250,3,3,1,confident,53.63,55.63,29,148,39.4
6652dc0019,Djtennis,"DJ Tennis @ Audio Obscura, The Loft Amsterdam, Netherlands 2019-02-24",234.8,12,8e105aa1f012,"Doc Severinsen - Be With You (DJ Harvey 12"" Cut)",0,60.12,59.94,-0.18,140,1.002,125,250,6,1,0,not found,60.45,62.12,31,131,69.6
6652dc0019,Djtennis,"DJ Tennis @ Audio Obscura, The Loft Amsterdam, Netherlands 2019-02-24",234.8,13,3ffe6465f6e1,Meditation Tunnel - La La La,0,64.33,63.75,-0.58,73735,1.0,125,250,12,9,1,confident,65.29,71.12,92,442,93.6
6652dc0019,Djtennis,"DJ Tennis @ Audio Obscura, The Loft Amsterdam, Netherlands 2019-02-24",234.8,14,df6a7eeb4a46,Powder - Ma Ki,0,70.75,71.25,0.5,248,0.9985,125,250,8,2,0,not found,73.63,74.63,142,202,64.3
6652dc0019,Djtennis,"DJ Tennis @ Audio Obscura, The Loft Amsterdam, Netherlands 2019-02-24",234.8,15,45da19ffa134,Alkalino - Shades Of Spunky,0,75.35,171.29,95.94,64,0.988,125,250,11,1,0,not found,175.5,179.83,249,505,90.3
6652dc0019,Djtennis,"DJ Tennis @ Audio Obscura, The Loft Amsterdam, Netherlands 2019-02-24",234.8,16,ef09cef46d2d,Fred Und Luna - Im Klanggarten (Prins Thomas Remix),0,86.6,86.41,-0.19,567,1.0005,125,250,13,1,1,by votes,90.49,94.49,245,485,57.4
6652dc0019,Djtennis,"DJ Tennis @ Audio Obscura, The Loft Amsterdam, Netherlands 2019-02-24",234.8,17,3c81d9b6f045,Frank & Tony - Love Brut,0,93.87,93.78,-0.09,221,0.9985,125,250,10,1,0,not found,93.71,97.04,0,195,51.3
6652dc0019,Djtennis,"DJ Tennis @ Audio Obscura, The Loft Amsterdam, Netherlands 2019-02-24",234.8,18,e47a01c2db4d,Omar Santis & Frida Grassman - Foreheads Bumpin',0,98.33,97.91,-0.43,424,1.0,125,250,8,2,1,by votes,99.98,102.81,125,294,33.3
6652dc0019,Djtennis,"DJ Tennis @ Audio Obscura, The Loft Amsterdam, Netherlands 2019-02-24",234.8,19,e14a7b740954,Lord Of The Isles - Weh-In,0,,102.51,,49414,1.0,125,250,11,9,1,confident,102.96,109.12,27,397,50.1
6652dc0019,Djtennis,"DJ Tennis @ Audio Obscura, The Loft Amsterdam, Netherlands 2019-02-24",234.8,20,d4b2ea848200,Kiwi - Amityville,0,109.37,109.99,0.62,745,0.9995,125,250,9,3,1,confident,113.43,114.43,207,267,48.3
6652dc0019,Djtennis,"DJ Tennis @ Audio Obscura, The Loft Amsterdam, Netherlands 2019-02-24",234.8,21,82f0153b32b9,The Phill & Friends Band - This Man,0,116.02,115.76,-0.25,196,1.0125,125,250,6,1,0,not found,116.13,118.29,22,154,65.2
6652dc0019,Djtennis,"DJ Tennis @ Audio Obscura, The Loft Amsterdam, Netherlands 2019-02-24",234.8,22,a66f3958a5a0,Kiwi - Is It Balearic,0,120.55,121.01,0.46,171,1.0005,125,250,10,1,0,not found,121.09,126.76,5,345,59.9
6652dc0019,Djtennis,"DJ Tennis @ Audio Obscura, The Loft Amsterdam, Netherlands 2019-02-24",234.8,23,e196445d6633,Roman Flügel - Tense Times,0,134.27,133.0,-1.27,471,1.0,125,250,11,3,1,confident,133.86,141.03,52,482,50.0
6652dc0019,Djtennis,"DJ Tennis @ Audio Obscura, The Loft Amsterdam, Netherlands 2019-02-24",234.8,24,e27c2bc58ff8,Rinder & Lewis - Willie And The Hand Jive,0,140.95,140.68,-0.27,4401,0.983,125,250,11,5,1,confident,140.57,144.73,0,239,93.0
6652dc0019,Djtennis,"DJ Tennis @ Audio Obscura, The Loft Amsterdam, Netherlands 2019-02-24",234.8,25,309440e89ca1,DMX Krew - Paradise Grove,0,145.02,147.19,2.18,360,0.998,125,250,10,3,1,confident,147.64,148.47,27,77,88.4
6652dc0019,Djtennis,"DJ Tennis @ Audio Obscura, The Loft Amsterdam, Netherlands 2019-02-24",234.8,26,0d33f8712679,Reverso 68 - Take Me Back (To Yours),0,149.9,149.28,-0.62,359,1.0,125,250,8,1,1,by votes,150.69,153.03,85,225,73.7
6652dc0019,Djtennis,"DJ Tennis @ Audio Obscura, The Loft Amsterdam, Netherlands 2019-02-24",234.8,27,f37686570150,R.E.M. - Computer Communication,0,154.03,153.53,-0.5,1352,0.993,125,250,15,7,1,confident,155.58,158.24,122,281,111.1
6652dc0019,Djtennis,"DJ Tennis @ Audio Obscura, The Loft Amsterdam, Netherlands 2019-02-24",234.8,28,aabbdbfa0d36,Fernando - Spiral (Fernando Rework),0,158.88,158.5,-0.38,293,0.9995,125,250,8,1,1,by votes,160.9,162.73,144,254,72.0
6652dc0019,Djtennis,"DJ Tennis @ Audio Obscura, The Loft Amsterdam, Netherlands 2019-02-24",234.8,29,550fba4add6d,Frankie Goes To Hollywood - Relax (New York Mix),0,163.2,162.54,-0.66,348,1.0,125,250,10,1,1,by votes,163.61,166.61,64,244,94.6
6652dc0019,Djtennis,"DJ Tennis @ Audio Obscura, The Loft Amsterdam, Netherlands 2019-02-24",234.8,30,69a1e564f8a2,Alexander Robotnick - Problemes D'amour (Ah Ou Ah Version),0,175.7,175.54,-0.16,2836,0.9985,125,250,6,6,1,confident,175.59,180.09,3,273,41.3
6652dc0019,Djtennis,"DJ Tennis @ Audio Obscura, The Loft Amsterdam, Netherlands 2019-02-24",234.8,31,1a31f00acf30,Moscoman - 550,0,180.9,181.1,0.2,388,1.0,125,250,9,2,1,by votes,184.28,185.44,190,260,75.8
6652dc0019,Djtennis,"DJ Tennis @ Audio Obscura, The Loft Amsterdam, Netherlands 2019-02-24",234.8,32,a40d0a60f10b,Confidence Man - Boyfriend (Lindstrøm & Prins Thomas Remix),0,187.3,186.72,-0.58,37434,1.0,125,250,11,7,1,confident,187.06,191.22,20,270,61.6
6652dc0019,Djtennis,"DJ Tennis @ Audio Obscura, The Loft Amsterdam, Netherlands 2019-02-24",234.8,33,9f016f49fc39,PBR Streetgang - Pork Chop Express,0,193.23,193.01,-0.23,530,0.9995,125,250,10,2,1,by votes,197.04,197.88,242,292,53.4
6652dc0019,Djtennis,"DJ Tennis @ Audio Obscura, The Loft Amsterdam, Netherlands 2019-02-24",234.8,34,9e36192efa7f,Juan Power - Crescendo,0,199.55,198.23,-1.32,991,0.9995,125,250,12,3,1,confident,203.68,204.68,327,387,55.0
6652dc0019,Djtennis,"DJ Tennis @ Audio Obscura, The Loft Amsterdam, Netherlands 2019-02-24",234.8,35,57baa7d12f4b,Beanfield - ft. Bajka - Tides (Carl Craig C's Movement Number 1),0,227.38,224.58,-2.81,449,0.9995,125,250,13,4,1,confident,230.62,232.62,362,482,104.3
6652dc0019,Djtennis,"DJ Tennis @ Audio Obscura, The Loft Amsterdam, Netherlands 2019-02-24",234.8,36,17a4197cf398,Satoshi Tomiie - Bassline,0,5.63,233.38,227.75,2214,1.0,125,250,9,1,1,by votes,233.05,234.88,0,90,45.8
6652dc0019,Djtennis,"DJ Tennis @ Audio Obscura, The Loft Amsterdam, Netherlands 2019-02-24",234.8,37,9054370b909f,C.A.R. - Idle Eyes (Roman Flügel Remix),0,10.47,80.91,70.44,123,1.0,125,250,9,1,0,not found,81.02,87.19,7,377,75.1
6652dc0019,Djtennis,"DJ Tennis @ Audio Obscura, The Loft Amsterdam, Netherlands 2019-02-24",234.8,38,5b7dd2d23e83,Cobblestone Jazz - India In Me,0,35.08,161.93,126.85,74,1.038,125,250,17,3,1,by sections,162.69,174.19,48,763,121.4
6652dc0019,Djtennis,"DJ Tennis @ Audio Obscura, The Loft Amsterdam, Netherlands 2019-02-24",234.8,39,abb491bbcef5,Green Velvet - Save The World,0,45.85,160.97,115.12,30,1.041,125,250,3,2,0,not found,160.81,163.48,0,131,22.6
6652dc0019,Djtennis,"DJ Tennis @ Audio Obscura, The Loft Amsterdam, Netherlands 2019-02-24",234.8,40,d33061e35704,Benny Rodrigues - Sad Piano,0,59.75,160.43,100.68,61,0.999,125,250,8,1,0,not found,160.75,166.09,19,339,49.8
6652dc0019,Djtennis,"DJ Tennis @ Audio Obscura, The Loft Amsterdam, Netherlands 2019-02-24",234.8,41,f17c7286098c,Theo Parrish - Falling Up (Carl Craig Remix),0,63.72,37.12,-26.59,64,0.9995,125,250,11,1,0,not found,37.74,45.4,37,496,72.1
6652dc0019,Djtennis,"DJ Tennis @ Audio Obscura, The Loft Amsterdam, Netherlands 2019-02-24",234.8,42,7e12b0821559,The Chemical Brothers - Free Yourself,0,74.28,169.44,95.15,74,0.96,125,250,7,2,0,not found,170.41,174.07,56,267,63.3
6652dc0019,Djtennis,"DJ Tennis @ Audio Obscura, The Loft Amsterdam, Netherlands 2019-02-24",234.8,43,0820c020c850,Radioactive Man - Uranium,0,78.73,168.51,89.77,88,0.9595,125,250,10,1,0,not found,170.52,174.36,116,337,61.6
6652dc0019,Djtennis,"DJ Tennis @ Audio Obscura, The Loft Amsterdam, Netherlands 2019-02-24",234.8,44,9da49d47dca9,Laurent Garnier - The Man With The Red Face (Svek Remix),0,81.68,205.77,124.08,47,1.01,125,250,7,1,0,not found,206.57,210.57,49,291,51.1
6652dc0019,Djtennis,"DJ Tennis @ Audio Obscura, The Loft Amsterdam, Netherlands 2019-02-24",234.8,45,b1f3208d56ba,Leftfield - ft. Djum Djum - Afro Left,0,104.62,157.63,53.01,81,0.9595,125,250,15,1,0,not found,158.55,168.54,53,628,110.7
6652dc0019,Djtennis,"DJ Tennis @ Audio Obscura, The Loft Amsterdam, Netherlands 2019-02-24",234.8,46,ccc0cc08253a,Polo & Pan - Mexicali (Simple Symmetry Remix),0,110.87,185.53,74.66,99,1.0005,125,250,12,1,0,not found,187.12,194.62,96,544,87.7
6652dc0019,Djtennis,"DJ Tennis @ Audio Obscura, The Loft Amsterdam, Netherlands 2019-02-24",234.8,47,faca313e2199,The Organism - Reflection,0,125.6,198.21,72.61,87,1.0,125,250,11,1,0,not found,198.33,206.16,7,477,70.1
6652dc0019,Djtennis,"DJ Tennis @ Audio Obscura, The Loft Amsterdam, Netherlands 2019-02-24",234.8,48,a599e207cfae,Todd Terje - Strandbar (Samba),0,136.88,225.4,88.52,158,1.0,125,250,12,1,0,not found,225.26,233.92,0,511,104.0
6652dc0019,Djtennis,"DJ Tennis @ Audio Obscura, The Loft Amsterdam, Netherlands 2019-02-24",234.8,49,e27c2bc58ff8,Rinder & Lewis - Willie And The Hand Jive,0,136.88,140.68,3.79,4401,0.983,125,250,11,5,1,confident,140.57,144.73,0,239,88.2
6652dc0019,Djtennis,"DJ Tennis @ Audio Obscura, The Loft Amsterdam, Netherlands 2019-02-24",234.8,50,c6de01e498fa,DJ Koze - The Love Truck,0,143.55,148.76,5.21,121,1.0,125,250,13,1,0,not found,148.5,157.83,0,545,82.4
6652dc0019,Djtennis,"DJ Tennis @ Audio Obscura, The Loft Amsterdam, Netherlands 2019-02-24",234.8,51,6e500e825e77,Depeche Mode - Enjoy The Silence (Timo Maas Remix),0,156.05,167.45,11.4,70,1.0415,125,250,11,1,0,not found,169.14,175.14,106,480,92.9
6652dc0019,Djtennis,"DJ Tennis @ Audio Obscura, The Loft Amsterdam, Netherlands 2019-02-24",234.8,52,add7d15c300f,Axel Boman - ABBA 002,0,162.05,170.31,8.26,60,0.96,125,250,7,2,0,not found,170.77,174.6,26,247,51.6
6652dc0019,Djtennis,"DJ Tennis @ Audio Obscura, The Loft Amsterdam, Netherlands 2019-02-24",234.8,53,bb98412209a1,Jefferson Airplane - White Rabbit (Peter Power Edit),0,166.5,158.03,-8.47,97,0.9545,125,250,22,2,0,not found,158.71,174.71,39,943,171.4
6652dc0019,Djtennis,"DJ Tennis @ Audio Obscura, The Loft Amsterdam, Netherlands 2019-02-24",234.8,54,3d18fde69dd2,Electra - ft. Tara Butler - Feels Good (Carrots & Beets),0,171.37,88.27,-83.09,60,0.96,125,250,9,1,0,not found,88.15,93.14,0,280,73.3
6652dc0019,Djtennis,"DJ Tennis @ Audio Obscura, The Loft Amsterdam, Netherlands 2019-02-24",234.8,56,3cfc2851f560,Autarkic - Bongos & Tambourines (Simple Symmetry Remix),0,186.8,134.07,-52.73,75,1.0,125,250,10,1,0,not found,133.89,141.39,0,439,68.1
6652dc0019,Djtennis,"DJ Tennis @ Audio Obscura, The Loft Amsterdam, Netherlands 2019-02-24",234.8,57,e6b6d2405085,Thugfucker - Disco Gnome (Tale Of Us Remix),0,210.32,182.65,-27.67,137,1.0,125,250,11,1,0,not found,183.81,190.98,70,500,87.1
6652dc0019,Djtennis,"DJ Tennis @ Audio Obscura, The Loft Amsterdam, Netherlands 2019-02-24",234.8,58,f0e8e366c42e,Boris Dlugosch & CASSARA - Traveller,0,214.37,226.97,12.61,121,1.0,125,250,9,1,0,not found,228.67,233.67,102,402,78.2
6652dc0019,Djtennis,"DJ Tennis @ Audio Obscura, The Loft Amsterdam, Netherlands 2019-02-24",234.8,59,0145a8155b1d,Chilly - For Your Love (Todd Terje Re-edit),0,222.5,184.83,-37.67,68,1.0005,125,250,11,1,0,not found,185.76,193.26,56,504,88.8
6652dc0019,Djtennis,"DJ Tennis @ Audio Obscura, The Loft Amsterdam, Netherlands 2019-02-24",234.8,60,1f9c1924760a,DJ Tennis - Gordon,0,228.28,64.61,-163.67,67,1.012,125,250,12,1,0,not found,65.9,71.07,78,392,106.8
6652dc0019,Djtennis,"DJ Tennis @ Audio Obscura, The Loft Amsterdam, Netherlands 2019-02-24",234.8,,d5e7153d8284,Innellea - Concrete Jungle,1,,185.52,,54,1.0,125,250,7,2,0,control,187.89,189.89,142,262,49.2
6652dc0019,Djtennis,"DJ Tennis @ Audio Obscura, The Loft Amsterdam, Netherlands 2019-02-24",234.8,,f6a207863a75,TRE - Sky Eyes,1,,223.66,,44,1.0,125,250,3,1,0,control,223.67,226.33,0,149,27.8
6652dc0019,Djtennis,"DJ Tennis @ Audio Obscura, The Loft Amsterdam, Netherlands 2019-02-24",234.8,,9e56626fafcb,Gauthier - Moonstone (OWLK Remix),1,,214.7,,125,1.0305,125,250,10,1,0,control,215.37,222.2,42,455,81.0
