mix_id,dj,mix_title,mix_minutes,play_order,track_id,title,is_control,listed_min,found_min,drift_min,votes,rate,control_max,floor,found,seconds
c0609e2d60,Djtennis,DJ Tennis,62.1,1,cd074d6cf75d,Philip Chernikov - Binga,0,0.0,5.54,5.54,444,1.0,76,152,1,406.6
c0609e2d60,Djtennis,DJ Tennis,62.1,2,81e1f20c7188,Easttown - Slipstream,0,,15.66,,622,1.0,76,152,1,10.1
c0609e2d60,Djtennis,DJ Tennis,62.1,3,21ff0a84cc02,Josh Wink - Higher State Of Consciousness (Original Tweekin' Acid Funk Mix),0,,45.19,,51,0.96,76,152,0,36.8
c0609e2d60,Djtennis,DJ Tennis,62.1,4,3abff140b63d,Tenashee - ft. Campbell King - Blink To Check Its Real,0,,34.54,,140,0.9975,76,152,0,18.7
c0609e2d60,Djtennis,DJ Tennis,62.1,5,56e802c72d02,Kino Todo & Marko East - ft. TruthIzMagic - ICON,0,41.2,40.78,-0.42,379,1.0,76,152,1,24.1
c0609e2d60,Djtennis,DJ Tennis,62.1,6,565d3cc032cb,William Kiss & Luke Alessi - Ride The Rhythm,0,47.67,47.15,-0.51,378,1.0,76,152,1,37.5
c0609e2d60,Djtennis,DJ Tennis,62.1,7,6675000ef1a9,Adina Howard - Freak Like Me,0,,46.96,,45,1.0,76,152,0,24.8
c0609e2d60,Djtennis,DJ Tennis,62.1,8,3cd94bd5210e,Pianoman - Pasion (Alex Kassian Mandarine Dance Mix),0,,55.04,,219,1.0,76,152,1,41.2
c0609e2d60,Djtennis,DJ Tennis,62.1,,5151588dd693,Ellen Trenn - Patriarchat,1,,46.09,,45,1.02,76,152,0,25.1
c0609e2d60,Djtennis,DJ Tennis,62.1,,1a8fdd8401ac,Pawel - Kramnik,1,,24.41,,36,0.99,76,152,0,22.1
c0609e2d60,Djtennis,DJ Tennis,62.1,,f029e8556178,Pryda - Reeperbahn,1,,46.04,,76,0.99,76,152,0,42.0
74a372440e,Black Coffee,Black Coffee,120.1,1,3a8465fc2de7,Charlie Chaplin - The Great Dictator's Speech,0,2.5,110.49,107.99,45,0.9575,74,148,0,495.9
74a372440e,Black Coffee,Black Coffee,120.1,2,bb130f88538b,Fat Freddy's Drop - Hope (3 Generation Walking Remix),0,4.0,3.57,-0.43,802,1.0,74,148,1,12.9
74a372440e,Black Coffee,Black Coffee,120.1,3,f1c2d3bf0e96,Damian Lazarus & The Ancient Moons - Vermillion (&ME Remix),0,11.05,9.97,-1.08,633,1.0,74,148,1,14.7
74a372440e,Black Coffee,Black Coffee,120.1,4,09a299a6bbe4,Heavyhandz - Light Is New,0,17.0,16.52,-0.48,278,1.0,74,148,1,27.7
74a372440e,Black Coffee,Black Coffee,120.1,5,5c7ea384dc13,Vince Watson - Eminescence,0,22.55,21.66,-0.89,1110,1.0,74,148,1,13.0
74a372440e,Black Coffee,Black Coffee,120.1,6,e4705f569b8a,Manoo & Francois A - A Day In December,0,28.92,28.47,-0.45,73176,1.0,74,148,1,12.1
74a372440e,Black Coffee,Black Coffee,120.1,7,13efcac7fe15,Nathan Adams & Richard Samuels - Sending You My Love,0,34.88,34.52,-0.36,347,1.0,74,148,1,37.2
74a372440e,Black Coffee,Black Coffee,120.1,8,d525a0b07208,St Germain - Real Blues,0,39.42,74.37,34.95,167,1.0,74,148,1,33.2
74a372440e,Black Coffee,Black Coffee,120.1,9,2d07a0e6617b,Funkadelic - ft. Kendrick Lamar - Ain't That Funkin' Kinda Hard On You? (Louie Vega Dub Version),0,44.75,43.29,-1.46,353,1.0,74,148,1,62.5
74a372440e,Black Coffee,Black Coffee,120.1,10,b6ae3e285b18,Black Coffee - Inkondlo Kamashimane,0,68.08,67.67,-0.41,823,1.0,74,148,1,12.7
74a372440e,Black Coffee,Black Coffee,120.1,11,ec1490fb5479,Black Coffee - The Beat Of Indlamu,0,81.83,80.96,-0.88,431,1.0,74,148,1,12.6
74a372440e,Black Coffee,Black Coffee,120.1,12,6388f0575e2c,Stones & Bones - Wrong U (Manoo Deep Mix),0,90.75,89.78,-0.97,646,1.0,74,148,1,9.6
74a372440e,Black Coffee,Black Coffee,120.1,13,3d7921ffeb86,St. Nicolas - ft. Thukie - Travel The World (Sobz Drumatic Mix),0,97.92,96.99,-0.92,695,1.0,74,148,1,10.2
74a372440e,Black Coffee,Black Coffee,120.1,14,179f0dfc8725,Benny T - Prayer,0,103.08,102.69,-0.39,28444,1.0,74,148,1,8.6
74a372440e,Black Coffee,Black Coffee,120.1,15,555b65681123,SoundQuest - Walking With,0,108.33,107.37,-0.97,31821,1.0,74,148,1,11.4
74a372440e,Black Coffee,Black Coffee,120.1,16,53a81858236d,Mike Dunn pres. MD X-Spress - God Made Me Phunky (Acappella),0,108.33,109.11,0.77,95,1.0,74,148,0,21.6
74a372440e,Black Coffee,Black Coffee,120.1,17,fc076b973d28,Ta-Ice - Four Fathers,0,115.33,114.36,-0.97,14915,1.0,74,148,1,8.6
74a372440e,Black Coffee,Black Coffee,120.1,,650af77d2eda,Überdruck - Here's Freddy (Überdruck Remix),1,,62.43,,54,1.0025,74,148,0,35.2
74a372440e,Black Coffee,Black Coffee,120.1,,d1a3b2b73c58,Lane 8 & Grigoré - Pipi Dormir,1,,110.37,,74,0.9575,74,148,0,22.6
74a372440e,Black Coffee,Black Coffee,120.1,,6a3253aefb5a,Green Velvet - Bigger Than Prince (Hot Since 82 Remix),1,,37.79,,41,0.96,74,148,0,19.9
8d5abd9444,Amelielens,Amelie Lens,57.7,1,734ebe20f112,Alberto Ruiz & Art und Weise - Exit,0,0.67,-1.07,-1.74,6321,1.0025,111,222,1,497.2
8d5abd9444,Amelielens,Amelie Lens,57.7,2,36aeb89805ad,Wehbba - Awaken,0,5.0,2.62,-2.38,930,1.0025,111,222,1,10.2
8d5abd9444,Amelielens,Amelie Lens,57.7,3,a3432970ffed,Ellen Trenn - Pleaser,0,8.1,6.5,-1.6,526,0.98,111,222,1,27.3
8d5abd9444,Amelielens,Amelie Lens,57.7,4,39336c750b52,Eli Brown - Remedy,0,11.25,10.63,-0.62,1128,1.0025,111,222,1,7.9
8d5abd9444,Amelielens,Amelie Lens,57.7,5,32680c920967,SAMOH - Slave To Society,0,14.9,13.56,-1.34,277,1.0,111,222,1,35.7
8d5abd9444,Amelielens,Amelie Lens,57.7,6,2eb2f06114bf,Amelie Lens - Feel It,0,19.17,18.84,-0.33,744,0.9775,111,222,1,24.7
8d5abd9444,Amelielens,Amelie Lens,57.7,7,9ce59382d4e9,Frankyeffe & MOTVS - Fall Down,0,22.97,21.98,-0.99,272,0.9975,111,222,1,26.8
8d5abd9444,Amelielens,Amelie Lens,57.7,8,73fdb6d6eb3b,Niels van Gogh - Pulverturm (ANNA Rework),0,26.03,24.08,-1.95,227,0.9975,111,222,1,32.2
8d5abd9444,Amelielens,Amelie Lens,57.7,9,1628678e83a7,VENTUR - Let It Kick,0,30.05,28.89,-1.16,199,1.0,111,222,0,32.6
8d5abd9444,Amelielens,Amelie Lens,57.7,10,7a22a0488d13,ARDL - Hyperactive,0,34.48,33.43,-1.05,271,0.9975,111,222,1,33.9
8d5abd9444,Amelielens,Amelie Lens,57.7,11,97a1d5ccd2e7,Milo Spykers - Ghostrider,0,36.0,38.29,2.29,566,0.9975,111,222,1,8.8
8d5abd9444,Amelielens,Amelie Lens,57.7,12,875752bc8919,Luciid - Era Of Us,0,38.93,41.84,2.91,392,1.0,111,222,1,26.8
8d5abd9444,Amelielens,Amelie Lens,57.7,13,0976a96737f0,SIKOTI - Fallin' In Love,0,46.3,45.57,-0.73,368,1.0,111,222,1,27.1
8d5abd9444,Amelielens,Amelie Lens,57.7,14,d37e664498bc,Amelie Lens - Underneath The Strobelights,0,50.48,49.25,-1.23,227,1.0,111,222,1,23.2
8d5abd9444,Amelielens,Amelie Lens,57.7,15,4dc4ed5186a1,Amelie Lens - Breathe,0,54.02,50.63,-3.39,131,1.0425,111,222,0,36.3
8d5abd9444,Amelielens,Amelie Lens,57.7,,ee4da4b9ab0f,DJ Chus - Underwater,1,,39.48,,67,0.9925,111,222,0,37.6
8d5abd9444,Amelielens,Amelie Lens,57.7,,a1df701fa930,X-Alox - Lost In The Sound,1,,41.81,,111,1.0225,111,222,0,28.5
8d5abd9444,Amelielens,Amelie Lens,57.7,,c024fb000d69,Snilloc - Elso (Adison Reboot),1,,40.83,,68,0.96,111,222,0,32.7
1e5139e964,Djtennis,"Gorgon City & DJ Tennis @ Experts Only, Zamna Tulum, Mexico 2025-01-04",88.6,1,4182b878f726,Avision - Baby,0,0.0,12.33,12.33,116,1.0,82,164,0,635.9
1e5139e964,Djtennis,"Gorgon City & DJ Tennis @ Experts Only, Zamna Tulum, Mexico 2025-01-04",88.6,2,844e5c166f65,Prunk - Heat,0,5.0,3.83,-1.17,6136,1.0,82,164,1,10.9
1e5139e964,Djtennis,"Gorgon City & DJ Tennis @ Experts Only, Zamna Tulum, Mexico 2025-01-04",88.6,3,6578943f7d06,Adam Ten & Bontan - Hey,0,9.75,8.41,-1.34,254,1.0,82,164,1,30.0
1e5139e964,Djtennis,"Gorgon City & DJ Tennis @ Experts Only, Zamna Tulum, Mexico 2025-01-04",88.6,4,7bfe2fdf7410,Cromby - HOUSE FLAVA,0,17.0,13.04,-3.96,1254,0.9825,82,164,1,30.3
1e5139e964,Djtennis,"Gorgon City & DJ Tennis @ Experts Only, Zamna Tulum, Mexico 2025-01-04",88.6,5,81e1f20c7188,Easttown - Slipstream,0,24.0,23.39,-0.61,24816,1.0,82,164,1,9.8
1e5139e964,Djtennis,"Gorgon City & DJ Tennis @ Experts Only, Zamna Tulum, Mexico 2025-01-04",88.6,7,5352a360650a,Ashee - Frisbee,0,32.0,30.48,-1.52,6786,1.0,82,164,1,9.7
1e5139e964,Djtennis,"Gorgon City & DJ Tennis @ Experts Only, Zamna Tulum, Mexico 2025-01-04",88.6,8,c8e6e58ec653,Champion & Four Tet & Skrillex & Naisha - Talk To Me,0,48.0,44.92,-3.08,78,0.9975,82,164,0,29.8
1e5139e964,Djtennis,"Gorgon City & DJ Tennis @ Experts Only, Zamna Tulum, Mexico 2025-01-04",88.6,9,4fac511e2347,Wallace - Willow,0,52.0,50.6,-1.4,261,1.0,82,164,1,36.7
1e5139e964,Djtennis,"Gorgon City & DJ Tennis @ Experts Only, Zamna Tulum, Mexico 2025-01-04",88.6,10,25c27eedafb3,Green Velvet - La La Land,0,56.0,54.25,-1.75,247,1.0,82,164,1,27.1
1e5139e964,Djtennis,"Gorgon City & DJ Tennis @ Experts Only, Zamna Tulum, Mexico 2025-01-04",88.6,11,204de0abfbd4,Gorgon City - 5 AM At Bagleys,0,60.0,59.66,-0.34,643,1.0,82,164,1,6.8
1e5139e964,Djtennis,"Gorgon City & DJ Tennis @ Experts Only, Zamna Tulum, Mexico 2025-01-04",88.6,12,3c06d2f6d5c9,DJ Tennis - Poem,0,64.0,79.0,15.0,62,0.98,82,164,0,34.3
1e5139e964,Djtennis,"Gorgon City & DJ Tennis @ Experts Only, Zamna Tulum, Mexico 2025-01-04",88.6,13,ea854f36656f,Röyksopp - ft. Fever Ray & Trentemøller - What Else Is There? (True Electric) (DJ Tennis Remix),0,73.0,79.04,6.04,67,1.02,82,164,0,38.7
1e5139e964,Djtennis,"Gorgon City & DJ Tennis @ Experts Only, Zamna Tulum, Mexico 2025-01-04",88.6,14,57d7dd8bff15,Not Without Friends - Mwah!,0,78.0,76.56,-1.44,308,1.0,82,164,1,30.0
1e5139e964,Djtennis,"Gorgon City & DJ Tennis @ Experts Only, Zamna Tulum, Mexico 2025-01-04",88.6,15,12d7e6abc000,Known Artist - Countdown Edit,0,81.0,80.05,-0.95,441,1.0,82,164,1,10.1
1e5139e964,Djtennis,"Gorgon City & DJ Tennis @ Experts Only, Zamna Tulum, Mexico 2025-01-04",88.6,16,6d126758e1d4,Darco - This Is How You Do It,0,86.0,84.2,-1.8,281,1.0,82,164,1,26.5
1e5139e964,Djtennis,"Gorgon City & DJ Tennis @ Experts Only, Zamna Tulum, Mexico 2025-01-04",88.6,,0152108879ba,Super Flu - Really Really,1,,79.37,,56,1.03,82,164,0,38.5
1e5139e964,Djtennis,"Gorgon City & DJ Tennis @ Experts Only, Zamna Tulum, Mexico 2025-01-04",88.6,,2aabcbd70e14,Studio Apartment & Monique Bingham - Sun Ra Was Right (Kususa Remix),1,,2.17,,55,0.99,82,164,0,35.4
1e5139e964,Djtennis,"Gorgon City & DJ Tennis @ Experts Only, Zamna Tulum, Mexico 2025-01-04",88.6,,aaef04bd722f,Kolombo - Freeze,1,,9.96,,82,1.04,82,164,0,23.2
243f8b541a,Sultanplusshepard,Sultan + Shepard,61.2,1,5b49cd005383,Rossie - Last Breath,0,0.67,0.82,0.15,516,1.0025,62,124,1,389.0
243f8b541a,Sultanplusshepard,Sultan + Shepard,61.2,2,bd3fd5f002a1,HANA - Solidground,0,8.12,6.42,-1.7,607,0.9975,62,124,1,9.1
243f8b541a,Sultanplusshepard,Sultan + Shepard,61.2,3,030f212fd9ab,Just Her - Secrets,0,13.33,25.99,12.66,59,0.98,62,124,0,61.6
243f8b541a,Sultanplusshepard,Sultan + Shepard,61.2,4,1cee5c22d942,Nora En Pure - Memories,0,18.0,16.7,-1.3,705,1.0,62,124,1,11.3
243f8b541a,Sultanplusshepard,Sultan + Shepard,61.2,5,b31727dd5117,Dosem & SOHMI - The Light (Sinca Remix),0,24.45,24.84,0.39,420,0.9875,62,124,1,18.7
243f8b541a,Sultanplusshepard,Sultan + Shepard,61.2,6,dd9b7ca0d4e5,Ashibah - Satellite,0,28.57,28.22,-0.34,684,1.0,62,124,1,6.2
243f8b541a,Sultanplusshepard,Sultan + Shepard,61.2,7,c21f6b427640,Paula OS - The Shame (Hyunji-A Remix),0,31.92,30.32,-1.6,365,1.0,62,124,1,33.9
243f8b541a,Sultanplusshepard,Sultan + Shepard,61.2,8,d02ddd2349da,Massane & Qrion - Go On,0,36.82,36.05,-0.77,691,0.9975,62,124,1,6.8
243f8b541a,Sultanplusshepard,Sultan + Shepard,61.2,9,f5f6f2f349db,PARIS (AU) - Visionary,0,41.13,25.82,-15.31,55,1.0,62,124,0,32.8
243f8b541a,Sultanplusshepard,Sultan + Shepard,61.2,10,7aacc5a3acd0,mölly & MØØNE - Find You,0,46.3,45.19,-1.11,400,1.0,62,124,1,9.7
243f8b541a,Sultanplusshepard,Sultan + Shepard,61.2,11,ceb9bd36fb37,Carlita - Time,0,50.93,50.7,-0.23,762,0.9975,62,124,1,5.9
243f8b541a,Sultanplusshepard,Sultan + Shepard,61.2,12,2b69fdce91fe,Maya Jane Coles - What They Say,0,54.8,54.57,-0.23,547,0.9975,62,124,1,8.3
243f8b541a,Sultanplusshepard,Sultan + Shepard,61.2,,9f7f6aaea210,Chip E - Time To Jack (House Mix),1,,31.2,,36,0.96,62,124,0,31.5
243f8b541a,Sultanplusshepard,Sultan + Shepard,61.2,,12a694ae14fc,Avidus - XII,1,,46.25,,62,1.0,62,124,0,28.7
243f8b541a,Sultanplusshepard,Sultan + Shepard,61.2,,96d1c422ccb2,Truncate - WRKTRX 3,1,,23.91,,35,1.0,62,124,0,19.0
a08cb2cccb,Djtennis,"DJ Tennis @ Robot Heart, Burning Man, United States 2017-11-16",214.8,1,f0e8e366c42e,Boris Dlugosch & CASSARA - Traveller,0,6.52,6.24,-0.28,779,0.9975,67,134,1,894.0
a08cb2cccb,Djtennis,"DJ Tennis @ Robot Heart, Burning Man, United States 2017-11-16",214.8,2,2dce70ceb1d9,The Juan MacLean - The Brighter The Light (DJ Tennis Remix),0,12.47,11.94,-0.53,32665,1.0025,67,134,1,13.6
a08cb2cccb,Djtennis,"DJ Tennis @ Robot Heart, Burning Man, United States 2017-11-16",214.8,3,c5e27d9ff406,Woo York - There Is A Light,0,19.07,20.04,0.98,569,1.0025,67,134,1,31.3
a08cb2cccb,Djtennis,"DJ Tennis @ Robot Heart, Burning Man, United States 2017-11-16",214.8,4,68d830002de5,Tiga - Eye Luv U (Butch 80's Acid Warehouse Remix),0,23.45,22.78,-0.67,492,1.0,67,134,1,10.7
a08cb2cccb,Djtennis,"DJ Tennis @ Robot Heart, Burning Man, United States 2017-11-16",214.8,5,b8a64ecccf78,Kerrier District - Techno Disco (KiNK Remix),0,28.25,27.79,-0.46,589,1.0,67,134,1,16.1
a08cb2cccb,Djtennis,"DJ Tennis @ Robot Heart, Burning Man, United States 2017-11-16",214.8,6,47b9dcbc197a,Simple Symmetry - Voodoo Your Ex,0,33.57,31.95,-1.62,429,1.0,67,134,1,13.2
a08cb2cccb,Djtennis,"DJ Tennis @ Robot Heart, Burning Man, United States 2017-11-16",214.8,7,d2756cfd118e,Hercules & Love Affair - ft. Faris Badwan - Controller (Mike Simonetti Remix),0,39.55,38.57,-0.98,554,1.0025,67,134,1,11.0
a08cb2cccb,Djtennis,"DJ Tennis @ Robot Heart, Burning Man, United States 2017-11-16",214.8,8,c30f2d7f549a,Axel Boman - Nokturn (Grand Finale),0,54.75,54.47,-0.28,517,1.0,67,134,1,16.4
a08cb2cccb,Djtennis,"DJ Tennis @ Robot Heart, Burning Man, United States 2017-11-16",214.8,9,b4de76ea4a6e,Dinky - Casa (Axel Boman Dub Mix),0,59.22,60.62,1.41,1792,0.9975,67,134,1,16.5
a08cb2cccb,Djtennis,"DJ Tennis @ Robot Heart, Burning Man, United States 2017-11-16",214.8,10,289d76bf19c3,Recloose - Cardiology (Isolée Remix),0,67.88,67.35,-0.53,608,0.9975,67,134,1,11.3
a08cb2cccb,Djtennis,"DJ Tennis @ Robot Heart, Burning Man, United States 2017-11-16",214.8,11,128abdad6ebd,Laurent Garnier - The Man With The Red Face,0,71.7,71.99,0.29,89,1.0,67,134,0,54.8
a08cb2cccb,Djtennis,"DJ Tennis @ Robot Heart, Burning Man, United States 2017-11-16",214.8,12,0818d2c48dc9,Oxia - Domino,0,76.43,75.55,-0.89,573,1.0,67,134,1,13.0
a08cb2cccb,Djtennis,"DJ Tennis @ Robot Heart, Burning Man, United States 2017-11-16",214.8,13,4f7033c9152f,Manuel Tur - Ela,0,86.73,86.52,-0.21,419,1.0,67,134,1,11.3
a08cb2cccb,Djtennis,"DJ Tennis @ Robot Heart, Burning Man, United States 2017-11-16",214.8,14,39a4b328d251,Maher Daniel & Jon Charnis - Lonely Stars In Open Skies (Luca Bacchetti Remix),0,92.8,91.87,-0.93,327,1.0,67,134,1,53.1
a08cb2cccb,Djtennis,"DJ Tennis @ Robot Heart, Burning Man, United States 2017-11-16",214.8,15,543d979fad5e,Depeche Mode - The Sinner In Me (Ricardo Villalobos Conclave Remix),0,99.95,98.75,-1.2,17526,1.0,67,134,1,19.0
a08cb2cccb,Djtennis,"DJ Tennis @ Robot Heart, Burning Man, United States 2017-11-16",214.8,16,08977e1125d2,Ashworth - Lost,0,108.98,107.36,-1.62,722,1.0,67,134,1,10.9
a08cb2cccb,Djtennis,"DJ Tennis @ Robot Heart, Burning Man, United States 2017-11-16",214.8,17,d356ec946fa4,Joakim - On The Beach (Superpitcher Remix),0,114.17,33.4,-80.77,75,1.01,67,134,0,45.1
a08cb2cccb,Djtennis,"DJ Tennis @ Robot Heart, Burning Man, United States 2017-11-16",214.8,18,af722dc944ad,Sascha Funke - MZ,0,122.45,122.45,-0.0,3089,0.9975,67,134,1,8.1
a08cb2cccb,Djtennis,"DJ Tennis @ Robot Heart, Burning Man, United States 2017-11-16",214.8,19,2c0a99b3f583,KiNK - Perth,0,127.53,126.69,-0.85,700,0.9925,67,134,1,27.3
a08cb2cccb,Djtennis,"DJ Tennis @ Robot Heart, Burning Man, United States 2017-11-16",214.8,20,82282e893c2a,Everything But The Girl - Missing (Todd Terry Remix),0,131.07,131.11,0.04,681,1.0025,67,134,1,7.0
a08cb2cccb,Djtennis,"DJ Tennis @ Robot Heart, Burning Man, United States 2017-11-16",214.8,21,ee38330f17e9,Unit 2 - Sunshine (KiNK Remix),0,135.58,135.38,-0.21,1055,1.0,67,134,1,13.4
a08cb2cccb,Djtennis,"DJ Tennis @ Robot Heart, Burning Man, United States 2017-11-16",214.8,22,0145a8155b1d,Chilly - For Your Love (Todd Terje Re-edit),0,141.1,138.03,-3.07,156,0.96,67,134,1,47.0
a08cb2cccb,Djtennis,"DJ Tennis @ Robot Heart, Burning Man, United States 2017-11-16",214.8,23,38e858def9c6,TB - Invitation To Love,0,147.83,146.73,-1.1,406,1.0,67,134,1,12.6
a08cb2cccb,Djtennis,"DJ Tennis @ Robot Heart, Burning Man, United States 2017-11-16",214.8,24,e446497a974b,Mano Negra - ft. Made In TLV - Sueno De Solentiname,0,154.62,156.36,1.75,136,1.0,67,134,1,31.1
a08cb2cccb,Djtennis,"DJ Tennis @ Robot Heart, Burning Man, United States 2017-11-16",214.8,25,5e9d617def45,Rufus & Chaka Khan - Ain't Nobody,0,160.13,160.15,0.02,393,0.9975,67,134,1,25.4
a08cb2cccb,Djtennis,"DJ Tennis @ Robot Heart, Burning Man, United States 2017-11-16",214.8,26,4bbaa2212ca3,Tony Orlando - Don't Let Go (Pete Herbert Edit),0,164.33,164.25,-0.08,234,1.0,67,134,1,43.4
a08cb2cccb,Djtennis,"DJ Tennis @ Robot Heart, Burning Man, United States 2017-11-16",214.8,27,748840500281,Dinosaur L - Go Bang! #5 (François K Remix),0,181.22,181.06,-0.15,930,0.97,67,134,1,48.5
a08cb2cccb,Djtennis,"DJ Tennis @ Robot Heart, Burning Man, United States 2017-11-16",214.8,28,0e3edc324ce9,Jamie Lewis - Cookys 3,0,187.95,192.51,4.56,77,0.9775,67,134,0,43.2
a08cb2cccb,Djtennis,"DJ Tennis @ Robot Heart, Burning Man, United States 2017-11-16",214.8,29,d1fe8533361f,Superpitcher - Rabbits In A Hurry,0,,190.75,,867,0.9975,67,134,1,11.3
a08cb2cccb,Djtennis,"DJ Tennis @ Robot Heart, Burning Man, United States 2017-11-16",214.8,30,4129acadc159,Spring Break - Sold My Sylver,0,206.75,205.9,-0.85,533,1.0,67,134,1,15.0
a08cb2cccb,Djtennis,"DJ Tennis @ Robot Heart, Burning Man, United States 2017-11-16",214.8,,37ca14dd9f96,Mella Dee - ft. Infinite Coles - Love It Or Not,1,,137.64,,42,1.03,67,134,0,19.7
a08cb2cccb,Djtennis,"DJ Tennis @ Robot Heart, Burning Man, United States 2017-11-16",214.8,,d50e5c0299be,Aleyum - Penumbral,1,,175.49,,54,1.0,67,134,0,23.4
a08cb2cccb,Djtennis,"DJ Tennis @ Robot Heart, Burning Man, United States 2017-11-16",214.8,,b29d49790c5b,Cobblestone Jazz - Change Your Apesuit,1,,37.92,,67,0.98,67,134,0,34.1
be77589ff6,Amelielens,Amelie Lens,56.9,1,d9b0174581bf,KI/KI - 5 Mins Of Acid,0,0.22,-0.14,-0.36,524,1.0,60,120,1,428.9
be77589ff6,Amelielens,Amelie Lens,56.9,2,efd694388e10,A*S*Y*S & Avis Vox - Body Mind & Soul,0,9.37,7.04,-2.33,154,0.9975,60,120,1,26.1
be77589ff6,Amelielens,Amelie Lens,56.9,3,fa375b7d3ff9,Lazar (IT) - Reazione Vincolare,0,11.58,9.07,-2.51,200,0.9975,60,120,1,30.3
be77589ff6,Amelielens,Amelie Lens,56.9,4,70d42ebc654c,Charlotte de Witte - How You Move,0,14.77,12.78,-1.98,356,1.0,60,120,1,28.2
be77589ff6,Amelielens,Amelie Lens,56.9,5,c6fb60d41aaf,Balrog & Debbit - Body Work,0,18.78,16.1,-2.68,12989,0.9975,60,120,1,8.7
be77589ff6,Amelielens,Amelie Lens,56.9,6,7a22a0488d13,ARDL - Hyperactive,0,22.12,19.98,-2.13,520,0.98,60,120,1,32.2
be77589ff6,Amelielens,Amelie Lens,56.9,7,cc590771e172,Rudosa - The Menace,0,25.32,23.25,-2.07,231,1.0,60,120,1,28.1
be77589ff6,Amelielens,Amelie Lens,56.9,8,97a1d5ccd2e7,Milo Spykers - Ghostrider,0,28.98,27.48,-1.5,2897,1.0025,60,120,1,8.8
be77589ff6,Amelielens,Amelie Lens,56.9,9,2eb2f06114bf,Amelie Lens - Feel It,0,31.9,31.42,-0.48,1128,1.0125,60,120,1,22.6
be77589ff6,Amelielens,Amelie Lens,56.9,10,45662c9c3916,SHFTR - Feel The Stab,0,35.57,33.33,-2.24,299,1.0,60,120,1,25.6
be77589ff6,Amelielens,Amelie Lens,56.9,11,fc3d059fa4e9,AREA ØNE - Wanna Dance,0,38.48,37.65,-0.83,208,1.0,60,120,1,23.3
be77589ff6,Amelielens,Amelie Lens,56.9,12,2ee77a6f519b,Caravel - Queen Of Darkness,0,42.58,39.55,-3.04,239,1.0,60,120,1,28.3
be77589ff6,Amelielens,Amelie Lens,56.9,13,d37e664498bc,Amelie Lens - Underneath The Strobelights,0,44.38,43.05,-1.33,1033,0.9775,60,120,1,22.8
be77589ff6,Amelielens,Amelie Lens,56.9,14,57ba577ad4e7,La Kajofol - Black Rhapsody,0,47.08,46.88,-0.21,50400,1.0,60,120,1,9.3
be77589ff6,Amelielens,Amelie Lens,56.9,15,fd39d7443d0a,Rian Wood - Anima,0,52.63,51.78,-0.85,547,1.0,60,120,1,8.8
be77589ff6,Amelielens,Amelie Lens,56.9,,f0e8e366c42e,Boris Dlugosch & CASSARA - Traveller,1,,49.2,,60,1.0025,60,120,0,35.2
be77589ff6,Amelielens,Amelie Lens,56.9,,b3e412d4ed0f,Soulwax - NY Lipps (Kawazaki Dub),1,,27.92,,48,0.96,60,120,0,29.8
be77589ff6,Amelielens,Amelie Lens,56.9,,ab90d69c1b2a,Tale Of Us - Another Earth,1,,51.63,,44,1.0375,60,120,0,22.1
186e3d2735,Sultanplusshepard,Sultan + Shepard,60.0,1,5ea519f61bee,Into The Ether & Gavin Beach - Mine,0,0.67,1.2,0.53,5294,1.0,92,184,1,330.4
186e3d2735,Sultanplusshepard,Sultan + Shepard,60.0,2,e24450f1f8bf,PARIS (AU) - Ocean Eyes,0,5.6,49.39,43.79,41,1.0,92,184,0,18.1
186e3d2735,Sultanplusshepard,Sultan + Shepard,60.0,3,2cb93302fe72,Rhea Silvia - Golden,0,8.7,7.64,-1.06,288,1.0,92,184,1,25.9
186e3d2735,Sultanplusshepard,Sultan + Shepard,60.0,4,ba35c18c8f8c,Nora En Pure - Watermark,0,13.35,12.3,-1.05,553,1.0,92,184,1,9.5
186e3d2735,Sultanplusshepard,Sultan + Shepard,60.0,5,c2fc9bca3d39,Yoni Yarchi & Sonicvibe - Solara,0,18.6,17.3,-1.3,558,1.0025,92,184,1,11.1
186e3d2735,Sultanplusshepard,Sultan + Shepard,60.0,6,83835b18bb83,Levasseur - 5 Minutes To Midnight,0,25.07,24.52,-0.54,240,0.9975,92,184,1,15.0
186e3d2735,Sultanplusshepard,Sultan + Shepard,60.0,7,8f141fc756e2,Rezident - ft. Kate Morgan - Muse (Roman Remix),0,28.32,27.06,-1.26,657,0.9975,92,184,1,12.1
186e3d2735,Sultanplusshepard,Sultan + Shepard,60.0,8,9da7ce8a4686,Ilias Katelanos & Plecta & Anonimat - Coaster (Durante Remix),0,35.55,34.0,-1.55,31063,1.0,92,184,1,8.6
186e3d2735,Sultanplusshepard,Sultan + Shepard,60.0,9,9c49a4ed64e1,EYNKA & Matador - The Way,0,40.45,39.81,-0.64,303,0.9975,92,184,1,32.0
186e3d2735,Sultanplusshepard,Sultan + Shepard,60.0,10,f60d36264a09,Unclubbed - ft. Zoe Durrant - Need To Feel Loved (Guy J Remix),0,45.87,45.6,-0.26,28889,1.0,92,184,1,12.1
186e3d2735,Sultanplusshepard,Sultan + Shepard,60.0,11,94a7498eaa2d,Roger Sanchez - Another Chance,0,53.32,52.91,-0.41,521,1.0,92,184,1,10.9
186e3d2735,Sultanplusshepard,Sultan + Shepard,60.0,,0e790183475c,Cendryma - Orbitation,1,,38.34,,92,1.0025,92,184,0,34.2
186e3d2735,Sultanplusshepard,Sultan + Shepard,60.0,,191119d9500f,Far&High - Voyager,1,,27.29,,51,1.01,92,184,0,31.4
186e3d2735,Sultanplusshepard,Sultan + Shepard,60.0,,35f1e9269dd1,Villano Antillano - Bzrp 51 (Catz 'N Dogz Lazer Mix),1,,25.18,,42,1.02,92,184,0,25.4
b945ffd03d,Djtennis,"DJ Tennis @ Market Membership & Resolute NYE Night, Output Brooklyn New York, United States 2013-12-31",174.8,1,c49af7425fc6,Von Spar - Hybolt (Barnt Remix),0,1.28,0.27,-1.01,102805,1.0,80,160,1,1012.8
b945ffd03d,Djtennis,"DJ Tennis @ Market Membership & Resolute NYE Night, Output Brooklyn New York, United States 2013-12-31",174.8,2,93a0396744c5,Agoria - Baptême,0,8.52,7.82,-0.69,2527,0.9775,80,160,1,41.4
b945ffd03d,Djtennis,"DJ Tennis @ Market Membership & Resolute NYE Night, Output Brooklyn New York, United States 2013-12-31",174.8,3,b47f836a8407,Run Stop Restore - Corporal,0,15.02,13.75,-1.27,702,1.0075,80,160,1,21.8
b945ffd03d,Djtennis,"DJ Tennis @ Market Membership & Resolute NYE Night, Output Brooklyn New York, United States 2013-12-31",174.8,4,d38974171521,Chymera - Aloof,0,19.4,18.56,-0.84,425,0.99,80,160,1,37.9
b945ffd03d,Djtennis,"DJ Tennis @ Market Membership & Resolute NYE Night, Output Brooklyn New York, United States 2013-12-31",174.8,5,63cc88ce801c,Hunter/Game - ft. Bajka - The Island (Baikal Remix),0,31.08,30.48,-0.6,1766,1.0,80,160,1,8.5
b945ffd03d,Djtennis,"DJ Tennis @ Market Membership & Resolute NYE Night, Output Brooklyn New York, United States 2013-12-31",174.8,6,d22ae04e5f32,John Tejada - Mono On Mono,0,34.87,33.35,-1.52,18054,0.97,80,160,1,32.4
b945ffd03d,Djtennis,"DJ Tennis @ Market Membership & Resolute NYE Night, Output Brooklyn New York, United States 2013-12-31",174.8,7,0ff967e24c12,Sami Koivikko - Pääjääsä,0,38.05,37.57,-0.48,21955,0.97,80,160,1,32.7
b945ffd03d,Djtennis,"DJ Tennis @ Market Membership & Resolute NYE Night, Output Brooklyn New York, United States 2013-12-31",174.8,8,a4523b922c27,Elekfantz - Diggin' On You (Gui Boratto D.O.C. Mix),0,49.23,49.23,-0.01,83,1.0275,80,160,0,20.9
b945ffd03d,Djtennis,"DJ Tennis @ Market Membership & Resolute NYE Night, Output Brooklyn New York, United States 2013-12-31",174.8,9,86d022374d58,Akabu - Phuture Bound (Âme Remix),0,54.12,52.99,-1.13,25467,1.0,80,160,1,12.4
b945ffd03d,Djtennis,"DJ Tennis @ Market Membership & Resolute NYE Night, Output Brooklyn New York, United States 2013-12-31",174.8,10,2debfd0380ae,DJ Tennis - Floating Boy (Self Portrait),0,60.15,59.95,-0.2,777,1.0325,80,160,1,31.0
b945ffd03d,Djtennis,"DJ Tennis @ Market Membership & Resolute NYE Night, Output Brooklyn New York, United States 2013-12-31",174.8,11,f96ae3986660,Greg Gow - The Bridge (Late Night Grand River Mix),0,66.57,66.07,-0.49,4829,0.9925,80,160,1,31.2
b945ffd03d,Djtennis,"DJ Tennis @ Market Membership & Resolute NYE Night, Output Brooklyn New York, United States 2013-12-31",174.8,12,766fe39a7e2f,Ten Walls - Requiem,0,78.8,77.73,-1.07,170,1.0375,80,160,1,29.3
b945ffd03d,Djtennis,"DJ Tennis @ Market Membership & Resolute NYE Night, Output Brooklyn New York, United States 2013-12-31",174.8,13,11d28e0ab6d0,Mind Against - Several Times,0,84.0,146.57,62.57,42889,1.01,80,160,1,44.4
b945ffd03d,Djtennis,"DJ Tennis @ Market Membership & Resolute NYE Night, Output Brooklyn New York, United States 2013-12-31",174.8,14,10ab0dfbbd3f,Ten Walls - Walking With Elephants,0,95.12,94.43,-0.69,2010,1.0325,80,160,1,27.1
b945ffd03d,Djtennis,"DJ Tennis @ Market Membership & Resolute NYE Night, Output Brooklyn New York, United States 2013-12-31",174.8,15,857f906ea923,Pantha Du Prince - Asha,0,99.25,98.08,-1.17,3548,0.9925,80,160,1,27.3
b945ffd03d,Djtennis,"DJ Tennis @ Market Membership & Resolute NYE Night, Output Brooklyn New York, United States 2013-12-31",174.8,16,3f29f4056411,Principles Of Geometry - ft. Sebastien Tellier - A Mountain for President (Joakim Remix),0,110.75,110.81,0.06,1882,1.0325,80,160,1,45.7
b945ffd03d,Djtennis,"DJ Tennis @ Market Membership & Resolute NYE Night, Output Brooklyn New York, United States 2013-12-31",174.8,17,f1c88465da60,Mark Henning - Blackout,0,115.55,114.21,-1.34,3077,0.97,80,160,1,31.0
b945ffd03d,Djtennis,"DJ Tennis @ Market Membership & Resolute NYE Night, Output Brooklyn New York, United States 2013-12-31",174.8,18,5a58a5bc547d,Green Velvet & Riva Starr - Robots (Mind Against Remix),0,122.28,120.05,-2.23,884,1.0325,80,160,1,37.4
b945ffd03d,Djtennis,"DJ Tennis @ Market Membership & Resolute NYE Night, Output Brooklyn New York, United States 2013-12-31",174.8,19,f94df45a3694,Joseph Capriati - Fratello,0,126.45,125.73,-0.72,2333,1.0,80,160,1,7.6
b945ffd03d,Djtennis,"DJ Tennis @ Market Membership & Resolute NYE Night, Output Brooklyn New York, United States 2013-12-31",174.8,20,71d72aa672f8,Efdemin - America,0,131.62,130.99,-0.63,1926,0.9625,80,160,1,22.0
b945ffd03d,Djtennis,"DJ Tennis @ Market Membership & Resolute NYE Night, Output Brooklyn New York, United States 2013-12-31",174.8,21,7f66d12ef056,A. Balter - You're A Fish,0,136.95,135.37,-1.58,43087,1.01,80,160,1,38.1
b945ffd03d,Djtennis,"DJ Tennis @ Market Membership & Resolute NYE Night, Output Brooklyn New York, United States 2013-12-31",174.8,22,e9b7f0e15c72,Rebolledo - ft. Superpitcher Guest & Miriam Torres - Meet Me at Topazdeluxe,0,141.75,141.17,-0.58,1093,1.0075,80,160,1,30.1
b945ffd03d,Djtennis,"DJ Tennis @ Market Membership & Resolute NYE Night, Output Brooklyn New York, United States 2013-12-31",174.8,23,5af90e76ff9e,Mind Against - Avalon,0,146.87,83.64,-63.23,6391,1.0175,80,160,1,37.3
b945ffd03d,Djtennis,"DJ Tennis @ Market Membership & Resolute NYE Night, Output Brooklyn New York, United States 2013-12-31",174.8,24,fe07958a3266,Thomas Schumacher - Rotor,0,154.57,153.38,-1.19,579,0.9925,80,160,1,40.9
b945ffd03d,Djtennis,"DJ Tennis @ Market Membership & Resolute NYE Night, Output Brooklyn New York, United States 2013-12-31",174.8,25,a16c2244ecc6,Pional - It's All Over (John Talabot Stormbreak Refix),0,159.77,158.78,-0.99,284,1.0375,80,160,1,32.2
b945ffd03d,Djtennis,"DJ Tennis @ Market Membership & Resolute NYE Night, Output Brooklyn New York, United States 2013-12-31",174.8,26,008c3db6dbac,X-Press 2 - Rock 2 House (Plastikman Acid House Remix),0,162.25,159.21,-3.04,312,1.04,80,160,1,51.0
b945ffd03d,Djtennis,"DJ Tennis @ Market Membership & Resolute NYE Night, Output Brooklyn New York, United States 2013-12-31",174.8,27,0d8a750a3690,Caribou - Sun (Midland Re-edit),0,166.38,165.69,-0.69,1254,1.0,80,160,1,9.3
b945ffd03d,Djtennis,"DJ Tennis @ Market Membership & Resolute NYE Night, Output Brooklyn New York, United States 2013-12-31",174.8,28,a0bfb4b87efb,Principles Of Geometry - Hcm6a,0,173.12,1.06,-172.05,60,0.97,80,160,0,26.9
b945ffd03d,Djtennis,"DJ Tennis @ Market Membership & Resolute NYE Night, Output Brooklyn New York, United States 2013-12-31",174.8,,af387f5ef478,Kamilo Sanclemente - Parallel Moon,1,,147.56,,80,1.01,80,160,0,39.8
b945ffd03d,Djtennis,"DJ Tennis @ Market Membership & Resolute NYE Night, Output Brooklyn New York, United States 2013-12-31",174.8,,3fa07bc17f5f,The Temper Trap - Giving Up Air,1,,18.63,,78,0.9975,80,160,0,25.8
b945ffd03d,Djtennis,"DJ Tennis @ Market Membership & Resolute NYE Night, Output Brooklyn New York, United States 2013-12-31",174.8,,96eaa95e298b,AIROD - Meet Me In The Club,1,,18.43,,59,1.0,80,160,0,31.7
2ead1f9cd1,Solomun,"Solomun @ Time Warp, Germany 2022-10-29",178.8,1,cf09b1edc080,Red Axes - Some Lights,0,0.33,-1.64,-1.97,118,1.0,68,136,0,1409.6
2ead1f9cd1,Solomun,"Solomun @ Time Warp, Germany 2022-10-29",178.8,2,cd32d4636c8b,Cayam aka Maya Jane Coles - Chaos In The Distance,0,5.0,3.15,-1.85,274,1.0025,68,136,1,28.7
2ead1f9cd1,Solomun,"Solomun @ Time Warp, Germany 2022-10-29",178.8,3,cfac9fdd5e75,Avery - Inside,0,14.03,61.29,47.26,37,0.99,68,136,0,26.0
2ead1f9cd1,Solomun,"Solomun @ Time Warp, Germany 2022-10-29",178.8,4,582650efbd25,AFFKT - Valent,0,15.0,82.47,67.47,49,0.97,68,136,0,32.9
2ead1f9cd1,Solomun,"Solomun @ Time Warp, Germany 2022-10-29",178.8,5,b258921d5602,Glowal - Figures,0,18.43,17.79,-0.65,230,1.0,68,136,1,32.9
2ead1f9cd1,Solomun,"Solomun @ Time Warp, Germany 2022-10-29",178.8,6,680c86c4e9d9,SOPHIE - Hard (Boys Noize & X&G Remix),0,28.72,90.73,62.02,47,1.01,68,136,0,27.4
2ead1f9cd1,Solomun,"Solomun @ Time Warp, Germany 2022-10-29",178.8,7,3a293c095201,Camea - ft. Saskia Krause - Feel You (Will Clarke Remix),0,33.0,29.91,-3.09,156,1.0,68,136,1,32.9
2ead1f9cd1,Solomun,"Solomun @ Time Warp, Germany 2022-10-29",178.8,8,c941ccff892d,METODI - Extreme Ways,0,36.0,34.49,-1.51,149,1.0,68,136,1,29.5
2ead1f9cd1,Solomun,"Solomun @ Time Warp, Germany 2022-10-29",178.8,9,638940591c2c,Negroni Nails - White Matter,0,46.42,46.32,-0.1,63,1.0,68,136,0,33.0
2ead1f9cd1,Solomun,"Solomun @ Time Warp, Germany 2022-10-29",178.8,10,1d29da91be02,Skin On Skin - Burn Dem Bridges,0,50.08,50.04,-0.04,102,0.9875,68,136,0,26.9
2ead1f9cd1,Solomun,"Solomun @ Time Warp, Germany 2022-10-29",178.8,11,d9801befe920,Eli Brown - NRG,0,56.0,90.18,34.18,60,1.0,68,136,0,38.2
2ead1f9cd1,Solomun,"Solomun @ Time Warp, Germany 2022-10-29",178.8,12,c714060a2d61,Matt Guy - Wait No More,0,60.25,58.91,-1.34,335,1.0,68,136,1,36.5
2ead1f9cd1,Solomun,"Solomun @ Time Warp, Germany 2022-10-29",178.8,13,c480e2d7c5db,Airwolf Paradise - ft. Paul Johnson - Only Man,0,65.12,64.06,-1.06,217,1.0025,68,136,1,34.4
2ead1f9cd1,Solomun,"Solomun @ Time Warp, Germany 2022-10-29",178.8,14,f061b65309e7,Aad Mouthaan - Love Juice,0,65.12,89.87,24.75,54,1.0375,68,136,0,33.6
2ead1f9cd1,Solomun,"Solomun @ Time Warp, Germany 2022-10-29",178.8,15,87a8c81f55dd,Airwolf Paradise - No Return,0,69.48,68.66,-0.82,100,1.0,68,136,0,32.4
2ead1f9cd1,Solomun,"Solomun @ Time Warp, Germany 2022-10-29",178.8,16,422c928e1c72,Mathias Kaden - Close To Me,0,73.37,72.67,-0.7,90,0.9975,68,136,0,38.4
2ead1f9cd1,Solomun,"Solomun @ Time Warp, Germany 2022-10-29",178.8,17,c5b14ce41de7,Kyle Geiger - Mimetic Desire,0,78.95,82.9,3.95,71,1.0225,68,136,0,31.9
2ead1f9cd1,Solomun,"Solomun @ Time Warp, Germany 2022-10-29",178.8,18,dd9d3588b8f0,Spencer Parker - Yogoto,0,83.67,81.49,-2.17,365,1.0,68,136,1,36.5
2ead1f9cd1,Solomun,"Solomun @ Time Warp, Germany 2022-10-29",178.8,19,3cc8b50cf93c,Narciss - Power 2 Tha People,0,89.0,87.93,-1.07,138,1.0,68,136,1,29.1
2ead1f9cd1,Solomun,"Solomun @ Time Warp, Germany 2022-10-29",178.8,20,1465be4f8060,A.D.H.S. - Paranoize,0,93.28,81.35,-11.93,72,0.9575,68,136,0,17.6
2ead1f9cd1,Solomun,"Solomun @ Time Warp, Germany 2022-10-29",178.8,21,ec9c32494666,Polymorphic - Chicks Love The Car (Attaque Remix),0,98.0,96.65,-1.35,99,1.0,68,136,0,29.0
2ead1f9cd1,Solomun,"Solomun @ Time Warp, Germany 2022-10-29",178.8,22,16e4e3415b36,David Löhlein - Bad Bitch,0,102.0,136.27,34.27,50,1.0225,68,136,0,20.0
2ead1f9cd1,Solomun,"Solomun @ Time Warp, Germany 2022-10-29",178.8,23,69e4a1296e7b,Grigoré - Avalanche,0,106.5,105.26,-1.24,112,0.9975,68,136,0,29.5
2ead1f9cd1,Solomun,"Solomun @ Time Warp, Germany 2022-10-29",178.8,24,b97ae98081ed,KH - Looking At Your Pager (Solomun Remix),0,110.83,111.79,0.95,475,1.0025,68,136,1,6.8
2ead1f9cd1,Solomun,"Solomun @ Time Warp, Germany 2022-10-29",178.8,25,bfdb7222c8c4,Schwefelgelb - Das Ist Wellness,0,117.0,116.18,-0.82,205,1.0,68,136,1,24.3
2ead1f9cd1,Solomun,"Solomun @ Time Warp, Germany 2022-10-29",178.8,26,7e9aeb72a550,Sharooz - Hysteresis (TWR72 Remix),0,122.0,114.11,-7.89,51,0.98,68,136,0,29.6
2ead1f9cd1,Solomun,"Solomun @ Time Warp, Germany 2022-10-29",178.8,27,e153b5fc384b,Return Of The Living Acid - Big Dipper (Twitched Down Version),0,127.0,125.59,-1.41,243,1.0,68,136,1,33.7
2ead1f9cd1,Solomun,"Solomun @ Time Warp, Germany 2022-10-29",178.8,28,719b69f441a5,Disfreq - Como,0,137.0,135.27,-1.73,198,1.0,68,136,1,26.3
2ead1f9cd1,Solomun,"Solomun @ Time Warp, Germany 2022-10-29",178.8,29,eac4316dbdcd,Takaaki Itoh - Wisher,0,142.5,91.38,-51.12,28,1.03,68,136,0,22.4
2ead1f9cd1,Solomun,"Solomun @ Time Warp, Germany 2022-10-29",178.8,30,776a6576ee85,Mayfie & Jeremy Stott - Capture,0,148.0,145.61,-2.39,94,1.0025,68,136,0,31.9
2ead1f9cd1,Solomun,"Solomun @ Time Warp, Germany 2022-10-29",178.8,31,7b9364af6182,Tiff Cornish - Dance Maniac,0,152.0,77.08,-74.92,56,1.0,68,136,0,23.7
2ead1f9cd1,Solomun,"Solomun @ Time Warp, Germany 2022-10-29",178.8,32,b7a685da6501,Filterheadz & Horatio - Bells Of Brightones,0,156.0,156.03,0.03,295,0.9975,68,136,1,18.6
2ead1f9cd1,Solomun,"Solomun @ Time Warp, Germany 2022-10-29",178.8,33,607cc2f1cb42,Filterheadz & Horatio - Metaphysical,0,162.0,161.54,-0.46,371,1.0,68,136,1,22.4
2ead1f9cd1,Solomun,"Solomun @ Time Warp, Germany 2022-10-29",178.8,34,d8a7017673f3,Yves Deruyter - The Rebel,0,168.0,165.34,-2.66,198,1.0,68,136,1,45.4
2ead1f9cd1,Solomun,"Solomun @ Time Warp, Germany 2022-10-29",178.8,35,aba4be758e7d,Fred again.. & Swedish House Mafia - ft. Future - Turn On The Lights Again.. (Solomun Remix),0,175.0,172.77,-2.23,228,1.0,68,136,1,29.7
2ead1f9cd1,Solomun,"Solomun @ Time Warp, Germany 2022-10-29",178.8,,6ebdc6bf803e,Oreja - Vazilando,1,,168.74,,44,1.02,68,136,0,29.5
2ead1f9cd1,Solomun,"Solomun @ Time Warp, Germany 2022-10-29",178.8,,a1f4773b701d,Mumbai Science - Lotus,1,,9.61,,68,1.02,68,136,0,27.5
2ead1f9cd1,Solomun,"Solomun @ Time Warp, Germany 2022-10-29",178.8,,90e844cc3762,Lane 8 - Walk The Plank,1,,93.23,,47,1.01,68,136,0,22.0
3ec220759a,Solomun,"Solomun @ IN House.Club Passo Fundo, Brazil 2011-08-05",223.3,1,8f2ffbd55937,David August - You Got To Love Me,0,0.0,144.61,144.61,44,1.0,72,144,0,1109.2
3ec220759a,Solomun,"Solomun @ IN House.Club Passo Fundo, Brazil 2011-08-05",223.3,2,0030b0b50823,Jonny Cruz & Lati - Crack Is Whack (The Kings Arms Remix),0,4.0,2.6,-1.4,154,1.0425,72,144,1,34.8
3ec220759a,Solomun,"Solomun @ IN House.Club Passo Fundo, Brazil 2011-08-05",223.3,3,735020c6b4c7,Daniel Dexter & Nhan Solo - Our Thang,0,9.0,7.42,-1.58,1238,1.0,72,144,1,7.6
3ec220759a,Solomun,"Solomun @ IN House.Club Passo Fundo, Brazil 2011-08-05",223.3,4,1dae9f91d575,Jamie Jones - Whiff It Yawl,0,12.0,63.35,51.35,87,0.9875,72,144,0,43.2
3ec220759a,Solomun,"Solomun @ IN House.Club Passo Fundo, Brazil 2011-08-05",223.3,5,d81123f7615f,Maceo Plex - Falling,0,17.0,15.8,-1.2,1715,0.9875,72,144,1,41.8
3ec220759a,Solomun,"Solomun @ IN House.Club Passo Fundo, Brazil 2011-08-05",223.3,6,309624f35fb9,Solomun - Daddy's Jam,0,27.0,25.38,-1.62,897,1.0175,72,144,1,39.6
3ec220759a,Solomun,"Solomun @ IN House.Club Passo Fundo, Brazil 2011-08-05",223.3,7,69eee8d8fd56,Thyladomid & Adriatique - ft. Feist - Deep In The Three,0,34.0,31.71,-2.29,2739,1.0225,72,144,1,45.5
3ec220759a,Solomun,"Solomun @ IN House.Club Passo Fundo, Brazil 2011-08-05",223.3,8,4f59bef31e25,Lil' Louis & The World - The Conversation (Christopher Groove & Andy Catana Doeasy Edit),0,48.0,47.61,-0.39,2797,0.99,72,144,1,34.0
3ec220759a,Solomun,"Solomun @ IN House.Club Passo Fundo, Brazil 2011-08-05",223.3,9,2e5d1bfacd08,Kenny Hawkes & Louise Carver - Play The Game (Joris Voorn Dusty Dub),0,60.0,57.88,-2.12,336,0.9775,72,144,1,36.3
3ec220759a,Solomun,"Solomun @ IN House.Club Passo Fundo, Brazil 2011-08-05",223.3,10,9b646e095d51,Kraak & Smaak - ft. Romanthony - Let's Go Back (Solomun Remix),0,65.0,64.39,-0.61,1056,0.9975,72,144,1,12.2
3ec220759a,Solomun,"Solomun @ IN House.Club Passo Fundo, Brazil 2011-08-05",223.3,11,6d2cb9867db2,David August - Hamburg Is For Lovers,0,72.0,70.25,-1.75,1841,1.02,72,144,1,36.7
3ec220759a,Solomun,"Solomun @ IN House.Club Passo Fundo, Brazil 2011-08-05",223.3,12,92135bddaceb,Noir & Haze - Around (Solomun Vox),0,78.0,77.74,-0.26,146,1.0425,72,144,1,34.2
3ec220759a,Solomun,"Solomun @ IN House.Club Passo Fundo, Brazil 2011-08-05",223.3,13,347c976d9c7d,The Chemical Brothers - Nude Night,0,85.0,84.14,-0.86,88,1.0025,72,144,0,27.3
3ec220759a,Solomun,"Solomun @ IN House.Club Passo Fundo, Brazil 2011-08-05",223.3,14,60edcd4e1959,Osunlade - Envision (Âme Remix),0,90.0,92.16,2.16,890,1.0025,72,144,1,8.3
3ec220759a,Solomun,"Solomun @ IN House.Club Passo Fundo, Brazil 2011-08-05",223.3,15,7b51b6ae966e,The xx - Stars (UNER Revision),0,102.0,104.99,2.99,1970,1.0275,72,144,1,10.0
3ec220759a,Solomun,"Solomun @ IN House.Club Passo Fundo, Brazil 2011-08-05",223.3,16,afaa4c6cc47e,Talking Heads - Psycho Killer (Drop Out Orchestra Rework),0,114.0,113.49,-0.51,3717,0.9925,72,144,1,26.7
3ec220759a,Solomun,"Solomun @ IN House.Club Passo Fundo, Brazil 2011-08-05",223.3,17,5cc4050dcfda,The Supermen Lovers - Family Business,0,120.0,118.2,-1.8,2705,0.9775,72,144,1,24.6
3ec220759a,Solomun,"Solomun @ IN House.Club Passo Fundo, Brazil 2011-08-05",223.3,18,5e93ec54e6f0,Bibio - Lovers Carvings (Catz 'N Dogz Re-edit),0,124.0,121.84,-2.16,1399,1.01,72,144,1,35.1
3ec220759a,Solomun,"Solomun @ IN House.Club Passo Fundo, Brazil 2011-08-05",223.3,19,327a6707c89e,Paul Johnson - Get Get Down,0,128.0,127.49,-0.51,3722,0.97,72,144,1,31.7
3ec220759a,Solomun,"Solomun @ IN House.Club Passo Fundo, Brazil 2011-08-05",223.3,20,51c85674053b,Audiojack - Strength In Numbers,0,132.0,8.24,-123.76,46,1.0,72,144,0,31.3
3ec220759a,Solomun,"Solomun @ IN House.Club Passo Fundo, Brazil 2011-08-05",223.3,21,d3d6e24e9abf,H.O.S.H. - Antonelli Screaming (Steve Bug Remix),0,140.0,138.58,-1.42,4397,1.0,72,144,1,9.4
3ec220759a,Solomun,"Solomun @ IN House.Club Passo Fundo, Brazil 2011-08-05",223.3,22,91766486e2c5,Modern Amusement - Cold As Ice (Louie Fresco Remix),0,146.0,144.71,-1.29,60,1.0425,72,144,0,33.1
3ec220759a,Solomun,"Solomun @ IN House.Club Passo Fundo, Brazil 2011-08-05",223.3,23,0db7b9f7a1b9,Fet Et Moi - Paris Is For Lovers,0,157.0,155.36,-1.64,18518,0.9975,72,144,1,9.6
3ec220759a,Solomun,"Solomun @ IN House.Club Passo Fundo, Brazil 2011-08-05",223.3,24,9debcaa5d762,DJ T. - ft. Cari Golden - City Life (Maceo Plex Remix),0,161.0,159.64,-1.36,743,1.0125,72,144,1,37.3
3ec220759a,Solomun,"Solomun @ IN House.Club Passo Fundo, Brazil 2011-08-05",223.3,25,32412ba951e7,Slam - ft. Tyrone Palmer - This World (Wighnomy Brothers & Robag Wruhme Bukkelflipps Remix),0,172.0,172.74,0.74,224,0.9575,72,144,1,32.6
3ec220759a,Solomun,"Solomun @ IN House.Club Passo Fundo, Brazil 2011-08-05",223.3,26,e9de424cf04c,Erik Holmberg & Niko Bellotto - ft. JB - Running Up That Hill (Koki Remix),0,181.0,180.5,-0.5,2220,0.9825,72,144,1,23.6
3ec220759a,Solomun,"Solomun @ IN House.Club Passo Fundo, Brazil 2011-08-05",223.3,27,4855de3b3984,Edu Imbernon & Los Suruba - Punset (Solomun Remix),0,189.0,188.12,-0.88,2009,0.9925,72,144,1,39.9
3ec220759a,Solomun,"Solomun @ IN House.Club Passo Fundo, Brazil 2011-08-05",223.3,28,caef684796b8,D.B. - Limit,0,197.0,214.01,17.01,48,1.04,72,144,0,34.4
3ec220759a,Solomun,"Solomun @ IN House.Club Passo Fundo, Brazil 2011-08-05",223.3,29,a4e6248dbd66,Death On The Balcony - Cruel Banana,0,203.0,201.49,-1.51,82,1.0425,72,144,0,36.9
3ec220759a,Solomun,"Solomun @ IN House.Club Passo Fundo, Brazil 2011-08-05",223.3,30,f93a3be8e581,Feist - Sea Lion (Chromeo Remix),0,210.0,208.2,-1.8,163,1.0425,72,144,1,20.0
3ec220759a,Solomun,"Solomun @ IN House.Club Passo Fundo, Brazil 2011-08-05",223.3,31,f9d9de653571,The Human League - Things That Dreams Are Made Of,0,220.0,219.01,-0.99,565,0.97,72,144,1,22.1
3ec220759a,Solomun,"Solomun @ IN House.Club Passo Fundo, Brazil 2011-08-05",223.3,,6d63ed583c1c,Tassilo Hagstrom - Berlin,1,,218.92,,60,0.97,72,144,0,29.8
3ec220759a,Solomun,"Solomun @ IN House.Club Passo Fundo, Brazil 2011-08-05",223.3,,32fa10afa878,Rafael & Millero - Say That,1,,32.68,,67,0.99,72,144,0,24.1
3ec220759a,Solomun,"Solomun @ IN House.Club Passo Fundo, Brazil 2011-08-05",223.3,,172e8b7f0a0c,Kollektiv Turmstrasse - Ribbon Reef,1,,122.59,,72,0.9975,72,144,0,48.3
6652dc0019,Djtennis,"DJ Tennis @ Audio Obscura, The Loft Amsterdam, Netherlands 2019-02-24",234.8,1,8029b325d77c,Stefano Ghittoni & DJ Rocca - Carrie System,0,8.42,8.15,-0.27,157,1.0,124,248,0,2004.6
6652dc0019,Djtennis,"DJ Tennis @ Audio Obscura, The Loft Amsterdam, Netherlands 2019-02-24",234.8,2,fc1a65feb323,B12 - Conduktor,0,12.08,11.69,-0.39,1255,1.0075,124,248,1,23.0
6652dc0019,Djtennis,"DJ Tennis @ Audio Obscura, The Loft Amsterdam, Netherlands 2019-02-24",234.8,3,21dcadff3aec,Voices Of Black - Streets Run Red,0,17.52,17.56,0.05,9413,1.04,124,248,1,22.6
6652dc0019,Djtennis,"DJ Tennis @ Audio Obscura, The Loft Amsterdam, Netherlands 2019-02-24",234.8,4,e24b35730e37,Disco Halal - Hamathil (Red Axes Edit),0,22.12,22.77,0.66,1062,1.02,124,248,1,16.6
6652dc0019,Djtennis,"DJ Tennis @ Audio Obscura, The Loft Amsterdam, Netherlands 2019-02-24",234.8,5,1a345ea7dbe4,John Maus - Touchdown,0,27.32,25.21,-2.1,510,1.04,124,248,1,26.3
6652dc0019,Djtennis,"DJ Tennis @ Audio Obscura, The Loft Amsterdam, Netherlands 2019-02-24",234.8,6,f650b1296613,Imagination - Just An Illusion (Lindstrøm Vocal Remix),0,29.57,28.62,-0.94,101,1.0075,124,248,0,45.4
6652dc0019,Djtennis,"DJ Tennis @ Audio Obscura, The Loft Amsterdam, Netherlands 2019-02-24",234.8,7,52f274bcd8ef,Trickski - Pill Collins,0,33.85,33.66,-0.19,390,1.0425,124,248,1,36.1
6652dc0019,Djtennis,"DJ Tennis @ Audio Obscura, The Loft Amsterdam, Netherlands 2019-02-24",234.8,8,4a7d829466ee,The Beloved - Sweet Harmony (DJ Tennis Maxi Edit),0,39.33,39.46,0.13,640,1.0,124,248,1,9.6
6652dc0019,Djtennis,"DJ Tennis @ Audio Obscura, The Loft Amsterdam, Netherlands 2019-02-24",234.8,9,2dde87cdb4f5,Massive Attack & Mad Professor - Three (Trinity Dub),0,44.3,44.24,-0.06,183,1.0,124,248,0,24.5
6652dc0019,Djtennis,"DJ Tennis @ Audio Obscura, The Loft Amsterdam, Netherlands 2019-02-24",234.8,10,bf5f0b47666b,Richard Fearless - Metal Dub (DJ Richard Remix),0,49.2,48.81,-0.39,555,1.0,124,248,1,10.1
6652dc0019,Djtennis,"DJ Tennis @ Audio Obscura, The Loft Amsterdam, Netherlands 2019-02-24",234.8,11,c14629eb2f6e,LTJ Xperience - I Don't Want This Groove To Ever End,0,52.53,53.16,0.62,1047,1.0325,124,248,1,13.0
6652dc0019,Djtennis,"DJ Tennis @ Audio Obscura, The Loft Amsterdam, Netherlands 2019-02-24",234.8,12,8e105aa1f012,"Doc Severinsen - Be With You (DJ Harvey 12"" Cut)",0,60.12,59.96,-0.16,151,1.0025,124,248,0,26.3
6652dc0019,Djtennis,"DJ Tennis @ Audio Obscura, The Loft Amsterdam, Netherlands 2019-02-24",234.8,13,3ffe6465f6e1,Meditation Tunnel - La La La,0,64.33,63.75,-0.58,73735,1.0,124,248,1,16.0
6652dc0019,Djtennis,"DJ Tennis @ Audio Obscura, The Loft Amsterdam, Netherlands 2019-02-24",234.8,14,df6a7eeb4a46,Powder - Ma Ki,0,70.75,71.26,0.51,217,1.0,124,248,0,28.3
6652dc0019,Djtennis,"DJ Tennis @ Audio Obscura, The Loft Amsterdam, Netherlands 2019-02-24",234.8,15,45da19ffa134,Alkalino - Shades Of Spunky,0,75.35,183.69,108.34,62,0.9875,124,248,0,40.1
6652dc0019,Djtennis,"DJ Tennis @ Audio Obscura, The Loft Amsterdam, Netherlands 2019-02-24",234.8,16,ef09cef46d2d,Fred Und Luna - Im Klanggarten (Prins Thomas Remix),0,86.6,86.44,-0.16,545,1.0,124,248,1,13.8
6652dc0019,Djtennis,"DJ Tennis @ Audio Obscura, The Loft Amsterdam, Netherlands 2019-02-24",234.8,17,3c81d9b6f045,Frank & Tony - Love Brut,0,93.87,93.72,-0.15,208,1.0,124,248,0,27.3
6652dc0019,Djtennis,"DJ Tennis @ Audio Obscura, The Loft Amsterdam, Netherlands 2019-02-24",234.8,18,e47a01c2db4d,Omar Santis & Frida Grassman - Foreheads Bumpin',0,98.33,97.88,-0.46,424,1.0,124,248,1,8.5
6652dc0019,Djtennis,"DJ Tennis @ Audio Obscura, The Loft Amsterdam, Netherlands 2019-02-24",234.8,19,e14a7b740954,Lord Of The Isles - Weh-In,0,,102.51,,49414,1.0,124,248,1,12.1
6652dc0019,Djtennis,"DJ Tennis @ Audio Obscura, The Loft Amsterdam, Netherlands 2019-02-24",234.8,20,d4b2ea848200,Kiwi - Amityville,0,109.37,109.97,0.61,664,1.0,124,248,1,11.0
6652dc0019,Djtennis,"DJ Tennis @ Audio Obscura, The Loft Amsterdam, Netherlands 2019-02-24",234.8,21,82f0153b32b9,The Phill & Friends Band - This Man,0,116.02,115.78,-0.24,196,1.0125,124,248,0,31.2
6652dc0019,Djtennis,"DJ Tennis @ Audio Obscura, The Loft Amsterdam, Netherlands 2019-02-24",234.8,22,a66f3958a5a0,Kiwi - Is It Balearic,0,120.55,121.0,0.45,163,1.0,124,248,0,31.0
6652dc0019,Djtennis,"DJ Tennis @ Audio Obscura, The Loft Amsterdam, Netherlands 2019-02-24",234.8,23,e196445d6633,Roman Flügel - Tense Times,0,134.27,132.93,-1.34,471,1.0,124,248,1,12.3
6652dc0019,Djtennis,"DJ Tennis @ Audio Obscura, The Loft Amsterdam, Netherlands 2019-02-24",234.8,24,e27c2bc58ff8,Rinder & Lewis - Willie And The Hand Jive,0,140.95,140.67,-0.28,777,0.9825,124,248,1,44.4
6652dc0019,Djtennis,"DJ Tennis @ Audio Obscura, The Loft Amsterdam, Netherlands 2019-02-24",234.8,25,309440e89ca1,DMX Krew - Paradise Grove,0,145.02,147.2,2.18,354,1.0,124,248,1,41.4
6652dc0019,Djtennis,"DJ Tennis @ Audio Obscura, The Loft Amsterdam, Netherlands 2019-02-24",234.8,26,0d33f8712679,Reverso 68 - Take Me Back (To Yours),0,149.9,149.26,-0.64,359,1.0,124,248,1,34.8
6652dc0019,Djtennis,"DJ Tennis @ Audio Obscura, The Loft Amsterdam, Netherlands 2019-02-24",234.8,27,f37686570150,R.E.M. - Computer Communication,0,154.03,153.53,-0.51,5164,0.9925,124,248,1,54.1
6652dc0019,Djtennis,"DJ Tennis @ Audio Obscura, The Loft Amsterdam, Netherlands 2019-02-24",234.8,28,aabbdbfa0d36,Fernando - Spiral (Fernando Rework),0,158.88,158.53,-0.35,276,1.0,124,248,1,33.8
6652dc0019,Djtennis,"DJ Tennis @ Audio Obscura, The Loft Amsterdam, Netherlands 2019-02-24",234.8,29,550fba4add6d,Frankie Goes To Hollywood - Relax (New York Mix),0,163.2,162.6,-0.6,348,1.0,124,248,1,43.4
6652dc0019,Djtennis,"DJ Tennis @ Audio Obscura, The Loft Amsterdam, Netherlands 2019-02-24",234.8,30,69a1e564f8a2,Alexander Robotnick - Problemes D'amour (Ah Ou Ah Version),0,175.7,175.55,-0.15,755,1.0,124,248,1,8.6
6652dc0019,Djtennis,"DJ Tennis @ Audio Obscura, The Loft Amsterdam, Netherlands 2019-02-24",234.8,31,1a31f00acf30,Moscoman - 550,0,180.9,181.08,0.18,388,1.0,124,248,1,34.5
6652dc0019,Djtennis,"DJ Tennis @ Audio Obscura, The Loft Amsterdam, Netherlands 2019-02-24",234.8,32,a40d0a60f10b,Confidence Man - Boyfriend (Lindstrøm & Prins Thomas Remix),0,187.3,186.72,-0.58,37434,1.0,124,248,1,13.5
6652dc0019,Djtennis,"DJ Tennis @ Audio Obscura, The Loft Amsterdam, Netherlands 2019-02-24",234.8,33,9f016f49fc39,PBR Streetgang - Pork Chop Express,0,193.23,193.02,-0.22,483,1.0,124,248,1,12.1
6652dc0019,Djtennis,"DJ Tennis @ Audio Obscura, The Loft Amsterdam, Netherlands 2019-02-24",234.8,34,9e36192efa7f,Juan Power - Crescendo,0,199.55,198.24,-1.31,917,1.0,124,248,1,12.7
6652dc0019,Djtennis,"DJ Tennis @ Audio Obscura, The Loft Amsterdam, Netherlands 2019-02-24",234.8,35,57baa7d12f4b,Beanfield - ft. Bajka - Tides (Carl Craig C's Movement Number 1),0,227.38,224.58,-2.8,389,1.0,124,248,1,48.8
6652dc0019,Djtennis,"DJ Tennis @ Audio Obscura, The Loft Amsterdam, Netherlands 2019-02-24",234.8,36,17a4197cf398,Satoshi Tomiie - Bassline,0,5.63,233.38,227.75,2214,1.0,124,248,1,10.1
6652dc0019,Djtennis,"DJ Tennis @ Audio Obscura, The Loft Amsterdam, Netherlands 2019-02-24",234.8,37,9054370b909f,C.A.R. - Idle Eyes (Roman Flügel Remix),0,10.47,81.05,70.58,123,1.0,124,248,0,35.1
6652dc0019,Djtennis,"DJ Tennis @ Audio Obscura, The Loft Amsterdam, Netherlands 2019-02-24",234.8,38,5b7dd2d23e83,Cobblestone Jazz - India In Me,0,35.08,160.77,125.69,70,1.0425,124,248,0,57.7
6652dc0019,Djtennis,"DJ Tennis @ Audio Obscura, The Loft Amsterdam, Netherlands 2019-02-24",234.8,39,abb491bbcef5,Green Velvet - Save The World,0,45.85,161.11,115.26,29,1.04,124,248,0,10.4
6652dc0019,Djtennis,"DJ Tennis @ Audio Obscura, The Loft Amsterdam, Netherlands 2019-02-24",234.8,40,d33061e35704,Benny Rodrigues - Sad Piano,0,59.75,160.34,100.59,60,1.0,124,248,0,24.3
6652dc0019,Djtennis,"DJ Tennis @ Audio Obscura, The Loft Amsterdam, Netherlands 2019-02-24",234.8,41,f17c7286098c,Theo Parrish - Falling Up (Carl Craig Remix),0,63.72,36.68,-27.04,64,1.0025,124,248,0,36.6
6652dc0019,Djtennis,"DJ Tennis @ Audio Obscura, The Loft Amsterdam, Netherlands 2019-02-24",234.8,42,7e12b0821559,The Chemical Brothers - Free Yourself,0,74.28,169.55,95.27,74,0.96,124,248,0,29.0
6652dc0019,Djtennis,"DJ Tennis @ Audio Obscura, The Loft Amsterdam, Netherlands 2019-02-24",234.8,43,0820c020c850,Radioactive Man - Uranium,0,78.73,168.21,89.48,78,0.96,124,248,0,30.0
6652dc0019,Djtennis,"DJ Tennis @ Audio Obscura, The Loft Amsterdam, Netherlands 2019-02-24",234.8,44,9da49d47dca9,Laurent Garnier - The Man With The Red Face (Svek Remix),0,81.68,205.81,124.12,47,1.01,124,248,0,24.0
6652dc0019,Djtennis,"DJ Tennis @ Audio Obscura, The Loft Amsterdam, Netherlands 2019-02-24",234.8,45,b1f3208d56ba,Leftfield - ft. Djum Djum - Afro Left,0,104.62,9.19,-95.43,78,0.96,124,248,0,53.5
6652dc0019,Djtennis,"DJ Tennis @ Audio Obscura, The Loft Amsterdam, Netherlands 2019-02-24",234.8,46,ccc0cc08253a,Polo & Pan - Mexicali (Simple Symmetry Remix),0,110.87,103.94,-6.93,74,1.0,124,248,0,43.0
6652dc0019,Djtennis,"DJ Tennis @ Audio Obscura, The Loft Amsterdam, Netherlands 2019-02-24",234.8,47,faca313e2199,The Organism - Reflection,0,125.6,198.21,72.61,87,1.0,124,248,0,35.8
6652dc0019,Djtennis,"DJ Tennis @ Audio Obscura, The Loft Amsterdam, Netherlands 2019-02-24",234.8,48,a599e207cfae,Todd Terje - Strandbar (Samba),0,136.88,225.43,88.55,158,1.0,124,248,0,48.4
6652dc0019,Djtennis,"DJ Tennis @ Audio Obscura, The Loft Amsterdam, Netherlands 2019-02-24",234.8,49,e27c2bc58ff8,Rinder & Lewis - Willie And The Hand Jive,0,136.88,140.67,3.79,777,0.9825,124,248,1,40.9
6652dc0019,Djtennis,"DJ Tennis @ Audio Obscura, The Loft Amsterdam, Netherlands 2019-02-24",234.8,50,c6de01e498fa,DJ Koze - The Love Truck,0,143.55,148.65,5.1,121,1.0,124,248,0,40.7
6652dc0019,Djtennis,"DJ Tennis @ Audio Obscura, The Loft Amsterdam, Netherlands 2019-02-24",234.8,51,6e500e825e77,Depeche Mode - Enjoy The Silence (Timo Maas Remix),0,156.05,167.35,11.3,68,1.04,124,248,0,43.0
6652dc0019,Djtennis,"DJ Tennis @ Audio Obscura, The Loft Amsterdam, Netherlands 2019-02-24",234.8,52,add7d15c300f,Axel Boman - ABBA 002,0,162.05,170.43,8.38,60,0.96,124,248,0,23.9
6652dc0019,Djtennis,"DJ Tennis @ Audio Obscura, The Loft Amsterdam, Netherlands 2019-02-24",234.8,53,bb98412209a1,Jefferson Airplane - White Rabbit (Peter Power Edit),0,166.5,158.09,-8.41,88,0.96,124,248,0,78.5
6652dc0019,Djtennis,"DJ Tennis @ Audio Obscura, The Loft Amsterdam, Netherlands 2019-02-24",234.8,54,3d18fde69dd2,Electra - ft. Tara Butler - Feels Good (Carrots & Beets),0,171.37,88.36,-83.01,60,0.96,124,248,0,33.0
6652dc0019,Djtennis,"DJ Tennis @ Audio Obscura, The Loft Amsterdam, Netherlands 2019-02-24",234.8,56,3cfc2851f560,Autarkic - Bongos & Tambourines (Simple Symmetry Remix),0,186.8,134.01,-52.79,75,1.0,124,248,0,32.9
6652dc0019,Djtennis,"DJ Tennis @ Audio Obscura, The Loft Amsterdam, Netherlands 2019-02-24",234.8,57,e6b6d2405085,Thugfucker - Disco Gnome (Tale Of Us Remix),0,210.32,182.79,-27.53,137,1.0,124,248,0,41.0
6652dc0019,Djtennis,"DJ Tennis @ Audio Obscura, The Loft Amsterdam, Netherlands 2019-02-24",234.8,58,f0e8e366c42e,Boris Dlugosch & CASSARA - Traveller,0,214.37,227.05,12.68,121,1.0,124,248,0,36.9
6652dc0019,Djtennis,"DJ Tennis @ Audio Obscura, The Loft Amsterdam, Netherlands 2019-02-24",234.8,59,0145a8155b1d,Chilly - For Your Love (Todd Terje Re-edit),0,222.5,59.24,-163.26,67,0.9975,124,248,0,41.6
6652dc0019,Djtennis,"DJ Tennis @ Audio Obscura, The Loft Amsterdam, Netherlands 2019-02-24",234.8,60,1f9c1924760a,DJ Tennis - Gordon,0,228.28,64.95,-163.34,65,1.01,124,248,0,49.7
6652dc0019,Djtennis,"DJ Tennis @ Audio Obscura, The Loft Amsterdam, Netherlands 2019-02-24",234.8,,d5e7153d8284,Innellea - Concrete Jungle,1,,185.48,,54,1.0,124,248,0,22.8
6652dc0019,Djtennis,"DJ Tennis @ Audio Obscura, The Loft Amsterdam, Netherlands 2019-02-24",234.8,,f6a207863a75,TRE - Sky Eyes,1,,223.55,,44,1.0,124,248,0,12.9
6652dc0019,Djtennis,"DJ Tennis @ Audio Obscura, The Loft Amsterdam, Netherlands 2019-02-24",234.8,,9e56626fafcb,Gauthier - Moonstone (OWLK Remix),1,,213.66,,124,1.03,124,248,0,39.0
