track_id,genre,artist,title,path,bpm,tempo,duration_min,n_bars,downbeat_source,downbeat_conf,lufs,sections,n_breakdown_bars,kick_share_body,kick_share_min,kick_share_intro,kick_share_outro,offlow_body,offlow_max,hat_off8_body,ghost_body,kpb_body
03385924af3a,tech house,Hardrive,Deep Inside (Low Steppa Redust),data/external/test_tracks/tech_house/03385924af3a.m4a,123.0,123.57,5.87,178,beat_this,0.912,-8.9,intro0 groov16 break32 drop48 break80 build112 drop128 groov144 outro160,64,0.388,0.014,0.1202,0.1161,0.684,0.694,0.102,2.76,3.66
24795265bde4,tech house,RSquared,Brown Eyes,data/external/test_tracks/tech_house/24795265bde4.m4a,126.0,126.006,6.12,193,beat_this,1.0,-8.9,intro0 build8 drop16 build48 drop84 build96 break108 build120 drop144 groov160 outro176,92,0.322,0.03,0.0765,0.0488,0.641,0.664,0.113,2.62,3.12
47011ccd3f46,tech house,Little Fritter,London Flex,data/external/test_tracks/tech_house/47011ccd3f46.m4a,129.0,128.998,5.4,173,beat_this,0.655,-8.1,intro0 drop16 build48 drop68 build100 drop124 outro156,44,0.207,0.054,0.0981,0.0834,0.581,0.686,0.155,2.53,3.88
51ff70225fdf,tech house,Zombies In Miami,Misterio De Verano,data/external/test_tracks/tech_house/51ff70225fdf.m4a,120.0,119.979,6.62,200,beat_this,1.0,-10.8,intro0 groov8 build16 drop24 break56 drop64 break128 drop144 groov184 outro192,32,0.336,0.148,0.4494,0.1477,0.675,0.707,0.356,2.88,3.88
816fb163557e,tech house,Kasablanca & Innellea,Lost,data/external/test_tracks/tech_house/816fb163557e.m4a,126.0,126.142,5.73,178,beat_this,0.549,-7.4,drop0 build32 drop48 break64 build96 drop144,96,0.262,0.087,0.2845,0.2693,0.651,0.732,0.321,2.63,2.94
97e5fb5c5f1b,tech house,Rudimental & The Martinez Brothers,ft. Faith Mussa - Sitigawana,data/external/test_tracks/tech_house/97e5fb5c5f1b.m4a,125.0,125.022,4.34,133,beat_this,0.971,-8.9,intro0 drop8 groov24 build64 groov72 break84 drop100,24,0.387,0.226,0.226,0.4491,0.591,0.631,0.264,2.62,3.81
b907f79069e6,tech house,Konstantin Yoodza & Jan Van Lier,Tha Gunslinga (Roy Rosenfeld Remix),data/external/test_tracks/tech_house/b907f79069e6.m4a,128.0,128.222,6.86,218,beat_this,0.655,-8.4,groov0 build16 drop32 build48 drop64 break112 build128 break136 drop152 outro200,72,0.215,0.02,0.1109,0.0843,0.738,0.833,0.257,2.53,3.94
c6de01e498fa,tech house,DJ Koze,The Love Truck,data/external/test_tracks/tech_house/c6de01e498fa.m4a,117.0,117.993,9.84,289,beat_this,0.673,-11.8,intro0 drop24 build72 drop80 build100 drop108 build116 drop124 build156 drop164 break220 drop252 outro268,64,0.41,0.106,0.4172,0.6922,0.44,0.569,0.171,2.81,3.78
cd074d6cf75d,tech house,Philip Chernikov,Binga,data/external/test_tracks/tech_house/cd074d6cf75d.m4a,129.0,128.975,7.0,224,beat_this,0.941,-10.5,intro0 build8 drop40 break112 drop144 build184 drop192,72,0.441,0.06,0.214,0.5192,0.641,0.668,0.244,2.56,3.88
d9e9be832be1,tech house,Born Dirty,Check Your Bell,data/external/test_tracks/tech_house/d9e9be832be1.m4a,126.0,127.004,4.28,136,beat_this,0.932,-8.4,intro0 groov15 break23 drop31 groov63 break71 drop87 outro119,24,0.228,0.074,0.0743,0.2321,0.752,0.758,0.307,2.65,4.1
2ac6c5e5d611,techno,Farrago,Sinner,data/external/test_tracks/techno/2ac6c5e5d611.m4a,133.0,132.99,6.99,234,beat_this,0.819,-8.6,intro0 drop8 build48 drop64 groov104 break120 build136 drop152 build180 drop196 outro220,64,0.502,0.067,0.5841,0.6957,0.713,0.755,0.331,2.37,3.62
43286b6c1bbd,techno,Johnny Piras,Summer Hell,data/external/test_tracks/techno/43286b6c1bbd.m4a,78.0,77.499,5.42,210,beat_this,0.625,-6.1,drop0 groov49 build65 drop97 build109 drop129 build137 drop145 build157 drop177,80,0.474,0.121,0.4918,0.4828,0.653,0.745,0.287,4.96,2.73
6b0c5426c69f,techno,DJ Dextro,Frameware,data/external/test_tracks/techno/6b0c5426c69f.m4a,133.0,132.988,5.81,194,beat_this,0.354,-9.2,drop0 build47 drop87 build111 drop127 build143 drop163,76,0.381,0.098,0.4068,0.4085,0.597,0.786,0.502,2.44,2.31
764c2cb0e00d,techno,Dusty Kid,Kollera,data/external/test_tracks/techno/764c2cb0e00d.m4a,128.0,127.967,7.26,226,beat_this,0.752,-7.1,intro0 build17 drop49 build89 drop97 break113 build137 drop145 build185 drop193,80,0.452,0.181,0.3015,0.5577,0.622,0.755,0.264,2.62,3.75
9621d3c4fb6a,techno,Danielle Ciuro,Erratic Feelings,data/external/test_tracks/techno/9621d3c4fb6a.m4a,78.0,77.498,3.99,154,beat_this,0.789,-9.3,drop0 groov56 build64 drop96 build112 drop120,40,0.504,0.007,0.5373,0.5317,0.675,0.783,0.337,4.96,2.73
a8bc20cb1505,techno,Hadone,Courtship Unleashed,data/external/test_tracks/techno/a8bc20cb1505.m4a,143.0,143.014,5.67,204,beat_this,0.533,-8.9,drop0 groov48 break56 build64 drop72 break136 build144 drop156,36,0.457,0.1,0.5387,0.5126,0.643,0.753,0.327,2.25,3.13
b96e58ca1b40,techno,Johannes Heil,Exile 008 A2,data/external/test_tracks/techno/b96e58ca1b40.m4a,129.0,130.003,6.67,216,beat_this,0.383,-8.3,drop0 build47 drop87 build111 drop143 build167 drop199,104,0.372,0.026,0.4351,0.4232,0.539,0.869,0.294,2.59,4.03
dc549025561c,techno,Sin Sin,Break Down (Tom Laws Remix),data/external/test_tracks/techno/dc549025561c.m4a,126.0,127.003,7.63,243,beat_this,0.41,-9.3,drop0 build51 drop75 build91 drop99 groov155 build167 drop175 outro223,40,0.416,0.361,0.5142,0.4391,0.662,0.803,0.126,2.62,3.15
df74f6ccb9c2,techno,DJ 420@ôa,Ganza Do Techno,data/external/test_tracks/techno/df74f6ccb9c2.m4a,147.0,146.959,4.95,182,beat_this,0.557,-6.9,intro0 drop13 build69 drop85 build117 drop125 build149 drop157,32,0.35,0.115,0.115,0.3392,0.669,0.733,0.217,2.09,2.88
f1f7c353628e,techno,Spencer Dunning,Direct Fire,data/external/test_tracks/techno/f1f7c353628e.m4a,80.0,79.996,4.83,196,beat_this,0.532,-6.1,intro0 drop8 build48 drop92 build104 drop144 build156 drop164,92,0.307,0.07,0.0952,0.2935,0.692,0.734,0.219,4.9,2.5
00eeb9cac57a,drum and base,Doctrine,Airlock,data/external/test_tracks/drum_and_base/00eeb9cac57a.m4a,86.0,87.033,3.32,145,beat_this,0.639,-4.6,intro0 drop15 build79 break87 build95 break103 drop111,32,0.184,0.057,0.0631,0.1865,0.629,0.77,0.386,4.42,3.27
08c03c39c5bf,drum and base,Stakka & K.Tee,Echo Chamber (KAOS & Karl K & Jae Kennedy Remix),data/external/test_tracks/drum_and_base/08c03c39c5bf.m4a,87.0,87.349,6.64,289,beat_this,0.943,-9.0,intro0 build14 groov30 build82 drop94 build142 drop150 build178 drop190 outro274,48,0.28,0.021,0.0256,0.1676,0.613,0.68,0.321,4.33,4.01
1a96038ec7d3,drum and base,Urph,Mindwipe,data/external/test_tracks/drum_and_base/1a96038ec7d3.m4a,87.0,87.5,4.07,187,beat_this,0.493,-4.5,intro0 build13 drop29 break93 build101 drop113,36,0.245,0.064,0.1175,0.2459,0.749,0.76,0.526,4.33,3.5
319c5f32e6a7,drum and base,Mistrust,Ultra Lux,data/external/test_tracks/drum_and_base/319c5f32e6a7.m4a,86.0,87.028,4.79,209,beat_this,0.652,-7.4,intro0 groov13 build29 drop45 build89 drop97 break125 drop161 outro189,60,0.132,0.035,0.1898,0.0348,0.699,0.766,0.243,4.31,4.04
3ef523169490,drum and base,Alix Perez,ft. Foreign Beggars - The Cut Deepens,data/external/test_tracks/drum_and_base/3ef523169490.m4a,84.0,84.995,3.05,66,beat_this,0.866,-7.9,intro0 drop11 build27 drop35,8,0.485,0.224,0.2241,0.5082,0.689,0.699,0.524,4.56,3.16
5032b0b2a1e1,drum and base,Rihanna,Rude Boy,data/external/test_tracks/drum_and_base/5032b0b2a1e1.m4a,86.0,87.005,3.75,81,beat_this,1.0,-8.4,intro0 groov25 build37 drop45 outro61,8,0.328,0.118,0.1182,0.2918,0.729,0.734,0.399,4.4,2.15
7462d65de9f6,drum and base,Dauntless & Ewol,Dragon,data/external/test_tracks/drum_and_base/7462d65de9f6.m4a,86.0,86.0,5.75,214,beat_this,0.874,-7.4,intro0 groov13 break21 drop37 build53 drop69 build85 drop93 break117 build125 drop165 outro181,88,0.261,0.144,0.2645,0.1437,0.698,0.772,0.193,4.3,3.5
9b1b6ec6aa94,drum and base,emjulate,Lambda Core,data/external/test_tracks/drum_and_base/9b1b6ec6aa94.m4a,86.0,86.996,4.58,210,beat_this,0.834,-7.6,intro0 break8 drop32 build48 drop56 groov72 build96 break104 drop120 outro200,56,0.207,0.103,0.2005,0.1028,0.686,0.774,0.251,4.39,3.79
bb3cb5284734,drum and base,Trakker,The Martian,data/external/test_tracks/drum_and_base/bb3cb5284734.m4a,86.0,87.003,5.35,203,beat_this,0.476,-3.8,intro0 groov13 break21 drop29 break69 drop77 break105 drop129 build161 drop177,56,0.166,0.039,0.0386,0.1833,0.72,0.785,0.439,4.47,2.53
df48aa7e164a,drum and base,Holographic,Fancy Candles (VIP),data/external/test_tracks/drum_and_base/df48aa7e164a.m4a,86.0,87.003,4.5,131,beat_this,0.444,-7.3,intro0 break13 build29 drop45 break77 build89 drop105,60,0.294,0.026,0.0257,0.372,0.73,0.778,0.546,4.35,3.73
08df3db8dcc0,afro house,De Cave Man & TonicVolts,He's A Devil,data/external/test_tracks/afro_house/08df3db8dcc0.m4a,125.0,124.996,5.17,160,beat_this,0.608,-15.2,intro0 build8 drop32 break48 drop64 groov96 break104 drop112 outro144,48,0.424,0.18,0.2002,0.4512,0.715,0.726,0.461,2.74,3.87
27c068ae1279,afro house,Jonas Rathsman,Nazca,data/external/test_tracks/afro_house/27c068ae1279.m4a,117.0,117.991,7.37,217,beat_this,0.762,-10.5,intro0 groov16 build48 drop56 groov88 break104 drop120 groov184 outro200,24,0.429,0.066,0.2924,0.2821,0.682,0.8,0.416,2.93,3.58
36a7c66af1f3,afro house,Benny T,Black Technology,data/external/test_tracks/afro_house/36a7c66af1f3.m4a,120.0,120.116,6.67,200,beat_this,0.326,-11.2,intro0 drop24 break48 build64 drop88 build96 drop120 groov164 outro180,64,0.343,0.146,0.228,0.1465,0.53,0.621,0.476,2.88,4.0
67b92c204ce0,afro house,Saint Evo,ft. Lizwi - Mntwana,data/external/test_tracks/afro_house/67b92c204ce0.m4a,123.0,123.998,8.38,260,beat_this,0.569,-9.9,intro0 groov13 build49 drop65 groov113 break129 build153 drop161 outro241,48,0.364,0.274,0.2834,0.2736,0.598,0.759,0.36,2.77,3.19
852890035eeb,afro house,Sebjak,Vieux,data/external/test_tracks/afro_house/852890035eeb.m4a,120.0,119.999,6.44,193,beat_this,0.412,-10.5,drop0 build40 drop48 break80 groov88 break96 drop144,64,0.203,0.038,0.2298,0.188,0.562,0.661,0.362,2.79,4.0
97f307b5b0c4,afro house,Christos Fourkis,Coco,data/external/test_tracks/afro_house/97f307b5b0c4.m4a,120.0,120.002,6.0,173,beat_this,0.67,-10.4,intro0 break24 drop36 break64 drop72 groov84 build92 drop100 outro156,28,0.274,0.022,0.0878,0.2523,0.597,0.634,0.138,2.73,3.0
9ae3d499ed67,afro house,DJ Tomer & Ricardo,ft. Kyaku Kyadaff - Zulu,data/external/test_tracks/afro_house/9ae3d499ed67.m4a,122.0,121.978,6.18,185,beat_this,0.979,-11.9,intro0 drop16 break80 build96 drop112 outro176,32,0.448,0.207,0.3014,0.3119,0.665,0.68,0.369,2.78,3.5
b284a2f88be5,afro house,THEMBA,Social Distancing,data/external/test_tracks/afro_house/b284a2f88be5.m4a,122.0,122.002,3.75,114,beat_this,0.825,-11.7,intro0 drop29 break61 drop97,36,0.268,0.08,0.2289,0.2683,0.617,0.752,0.432,2.71,3.87
c7d283283893,afro house,Jigar & Roland Clark,Masters Of Destiny,data/external/test_tracks/afro_house/c7d283283893.m4a,120.0,120.0,5.51,166,beat_this,0.553,-10.5,intro0 build8 drop48 break64 build80 drop88,64,0.489,0.083,0.083,0.4032,0.699,0.733,0.366,2.75,3.25
f948008e4135,afro house,CamelPhat & Elderbrook,Cola (Mousse T Glitterbox Mix),data/external/test_tracks/afro_house/f948008e4135.m4a,122.0,121.985,6.6,201,beat_this,0.81,-10.0,intro0 drop16 build32 drop40 break72 drop88 break120 drop152 outro184,56,0.285,0.02,0.0309,0.0201,0.623,0.703,0.152,2.75,3.19
1ab15822e184,melodic house,Ben Böhmer,Vale,data/external/test_tracks/melodic_house/1ab15822e184.m4a,120.0,120.015,6.38,187,beat_this,0.502,-11.0,drop0 break79 build107 drop123 groov167,44,0.292,0.118,0.2808,0.2522,0.748,0.785,0.466,2.75,3.12
5248a3c3b35b,melodic house,Oscar P,Wait Here (Enoo Napa Remix),data/external/test_tracks/melodic_house/5248a3c3b35b.m4a,120.0,120.011,7.9,244,beat_this,0.498,-10.3,drop0 break48 drop64 build80 drop96 build108 drop120 break136 build168 drop200 break220 outro228,116,0.302,0.181,0.3232,0.1815,0.507,0.671,0.34,2.84,4.0
721ee750ac7c,melodic house,Cloonee,MOFO,data/external/test_tracks/melodic_house/721ee750ac7c.m4a,126.0,126.01,3.97,126,beat_this,0.685,-8.9,drop0 break19 drop35 break59 drop67 build83 break95 drop111,52,0.272,0.156,0.1756,0.2935,0.651,0.814,0.222,2.61,3.37
76709821c6c0,melodic house,CamelPhat & Yannis & Foals,Hypercolour (Mind Against Remix),data/external/test_tracks/melodic_house/76709821c6c0.m4a,122.0,121.667,7.09,221,beat_this,0.873,-8.1,drop0 build56 drop64 groov104 break124 drop136 build168 drop188,40,0.364,0.046,0.4117,0.4372,0.632,0.761,0.348,2.75,4.0
8278dcbe4a54,melodic house,MRAK & Omnya,Order,data/external/test_tracks/melodic_house/8278dcbe4a54.m4a,126.0,126.972,3.45,103,beat_this,0.888,-15.2,intro0 drop15 break31 build39 drop63,32,0.467,0.222,0.4967,0.4316,0.746,0.775,0.22,2.59,3.35
92929f7fa9fa,melodic house,Gorje Hewek & ETNE,Children,data/external/test_tracks/melodic_house/92929f7fa9fa.m4a,123.0,123.996,7.16,221,beat_this,0.991,-9.8,intro0 build8 drop32 build48 drop64 break96 drop140 build168 drop188 outro204,104,0.22,0.071,0.0711,0.0934,0.577,0.602,0.15,2.56,4.03
a57dd9fa7337,melodic house,PRAANA,Somatic State,data/external/test_tracks/melodic_house/a57dd9fa7337.m4a,120.0,120.012,4.1,120,beat_this,0.874,-11.0,intro0 build31 drop39 break55 build63 drop71 break103 outro111,32,0.349,0.123,0.3222,0.3631,0.749,0.78,0.289,2.91,3.0
bbad30079e2c,melodic house,Wendy Gondeln,Fracking-Eins (Magazine Remix),data/external/test_tracks/melodic_house/bbad30079e2c.m4a,139.0,139.994,6.41,218,beat_this,0.74,-9.6,intro0 build21 drop29 build49 drop61 build85 drop101 break173 groov181 break189 outro205,60,0.314,0.068,0.251,0.3355,0.711,0.773,0.286,2.31,3.52
d2bbfee17311,melodic house,Corren Cavini,Remember (Club Mix),data/external/test_tracks/melodic_house/d2bbfee17311.m4a,125.0,124.954,3.95,123,beat_this,0.938,-10.5,drop0 break33 build57 drop89 outro101,56,0.23,0.18,0.2416,0.2078,0.646,0.723,0.132,2.6,3.87
d84372cdc565,melodic house,Max Chapman & George Smeddles,Zulu,data/external/test_tracks/melodic_house/d84372cdc565.m4a,125.0,125.001,7.83,243,beat_this,0.91,-9.2,intro0 drop16 build32 drop48 build60 drop80 build96 drop144 build160 drop176 outro220,100,0.26,0.035,0.1079,0.1083,0.592,0.608,0.199,2.5,3.5
18bf86975ad2,trance,Chris Schweizer,ft. Sarah Howells - Company (Progressive Mix),data/external/test_tracks/trance/18bf86975ad2.m4a,123.0,123.995,6.53,194,beat_this,0.871,-8.8,intro0 build17 drop33 build49 drop65 break81 drop129 build145 drop161 outro177,96,0.26,0.076,0.1175,0.1063,0.68,0.828,0.263,2.75,3.84
2817cc08ece9,trance,PARAFRAME,ft. Ryan Masson - Son Of Earth,data/external/test_tracks/trance/2817cc08ece9.m4a,128.0,128.0,4.64,174,beat_this,0.465,-12.1,intro0 drop21 break69 build113 drop133 outro165,64,0.189,0.112,0.1204,0.2293,0.723,0.791,0.603,2.62,3.0
40b2300571bb,trance,Markus Schulz,ft. Sarah de Warren - Light On (ZOYA Remix),data/external/test_tracks/trance/40b2300571bb.m4a,126.0,126.005,4.5,140,beat_this,0.586,-7.9,intro0 drop15 build27 drop59 build71 drop91 outro123,52,0.301,0.24,0.3216,0.3033,0.681,0.835,0.384,2.66,2.98
776c934fe3b5,trance,Daniel Kandi,Soul Searchin (Nitrous Oxide Remix),data/external/test_tracks/trance/776c934fe3b5.m4a,131.0,132.119,5.62,171,beat_this,0.897,-11.3,build0 drop17 groov33 break41 drop81 break145 drop161,73,0.28,0.128,0.2508,0.248,0.635,0.79,0.366,2.53,2.78
90243732a5cd,trance,COQUEIT,Spitfire,data/external/test_tracks/trance/90243732a5cd.m4a,123.0,123.151,4.16,141,beat_this,0.585,-13.4,groov0,0,0.246,0.045,0.2485,0.233,0.725,0.82,0.227,2.6,3.88
a861536769f6,trance,Factor B,ft. Theia - Everywhere To Me,data/external/test_tracks/trance/a861536769f6.m4a,134.0,135.03,4.62,157,beat_this,0.912,-9.3,drop0 build18 drop26 break42 build102 drop118,84,0.337,0.171,0.3809,0.3286,0.743,0.76,0.318,2.43,2.87
ba3d437d51d9,trance,Craig Forsyth,The Ultimate,data/external/test_tracks/trance/ba3d437d51d9.m4a,134.0,135.003,6.1,203,beat_this,0.914,-8.2,intro0 drop16 build48 drop64 break96 groov120 break128 drop136 build148 drop172 outro184,72,0.353,0.045,0.2515,0.1691,0.706,0.724,0.237,2.43,4.03
cfdc6ed876ff,trance,Miikka L,Feel It Again,data/external/test_tracks/trance/cfdc6ed876ff.m4a,137.0,138.0,3.76,139,beat_this,0.463,-7.7,intro0 build8 drop16 build24 drop32 break48 build72 drop92,60,0.274,0.212,0.3429,0.2942,0.752,0.796,0.482,2.4,2.96
dfbf621fd5eb,trance,Koyah,Lightspeed,data/external/test_tracks/trance/dfbf621fd5eb.m4a,128.0,127.832,3.47,112,beat_this,0.569,-7.8,drop0 break36 build68 drop76 outro88,40,0.406,0.335,0.404,0.4173,0.754,0.783,0.561,2.56,2.96
efc671605fb0,trance,ProbCause,GOOD,data/external/test_tracks/trance/efc671605fb0.m4a,109.0,109.997,3.2,89,beat_this,0.937,-8.1,intro0 build8 drop40 build64 outro72,40,0.296,0.186,0.2084,0.2837,0.59,0.634,0.333,3.23,3.91
5a4c58ea0084,techno,Tiger Stripes,Basshunter,data/external/listen/work_techno_build/techno_build_15min/tracks/5a4c58ea0084.webm,128.0,127.999,7.32,234,beat_this,0.63,-7.5,drop0 build49 drop57 build81 drop89 groov117 build145 drop153 break177 build185 drop201 outro217,48,0.224,0.048,0.3432,0.2427,0.602,0.834,0.257,2.5,3.79
7f0290e636d0,techno,Mikael Jonasson,Mosaic (Luca Agnelli Remix),data/external/listen/work_techno_build/techno_build_15min/tracks/7f0290e636d0.webm,129.0,130.001,6.84,218,beat_this,0.436,-9.0,drop0 build32 drop40 break64 drop72 groov112 build124 drop168,60,0.523,0.013,0.5264,0.5277,0.64,0.826,0.251,2.53,3.92
4900eb25d876,techno,Wigbert,Reflection (Mørbeck Remix),data/external/listen/work_techno_high/techno_high_15min/tracks/4900eb25d876.webm,137.0,138.059,5.5,188,beat_this,0.619,-7.9,drop0 build88 drop108 outro148,20,0.422,0.008,0.5763,0.505,0.659,0.796,0.226,2.38,2.75
af90f79242e8,techno,Joyhauser,Dark Of The Night,data/external/listen/work_techno_high/techno_high_15min/tracks/af90f79242e8.webm,137.0,138.009,6.76,238,beat_this,0.366,-7.4,drop0 build8 drop16 build56 drop64 build76 drop96 groov112 build144 drop160,52,0.419,0.047,0.4362,0.4127,0.743,0.806,0.519,2.36,3.51
41eeb8d43cff,afro house,Nduduzo Makhathini & Fka Mash,ft. Anna Widauer - Re-amathambo,data/external/listen/work_afro/afro_20min/tracks/41eeb8d43cff.webm,120.0,120.002,4.1,121,beat_this,0.664,-21.4,intro0 build24 drop40 groov56 break64 drop80 outro104,32,0.233,0.075,0.1213,0.0926,0.533,0.54,0.162,2.84,4.0
52ac981fbe7d,afro house,Aaaron & Deckert,ft. Oluhle - Ilanga,data/external/listen/work_afro/afro_20min/tracks/52ac981fbe7d.webm,120.0,120.966,8.44,236,beat_this,0.37,-11.0,intro0 drop15 groov43 break71 drop95 groov143 break159 drop187,52,0.366,0.144,0.2752,0.3931,0.625,0.835,0.543,2.78,4.03
902f8f009404,afro house,Salvatore Agrosi,Il Monte,data/external/listen/work_afro/afro_20min/tracks/902f8f009404.webm,120.0,121.002,6.28,189,beat_this,0.573,-12.3,intro0 build13 groov37 break61 build69 drop81 build93 drop101 break121 drop141,72,0.124,0.029,0.0413,0.1235,0.595,0.742,0.447,2.74,3.97
67d98795b7fd,melodic house,Taleman,Free Fall,data/external/listen/work_house_low/house_low_15min/tracks/67d98795b7fd.webm,120.0,121.003,6.45,195,beat_this,0.569,-10.0,intro0 build23 drop47 break55 drop63 break95 drop131 outro175,68,0.23,0.048,0.0479,0.0563,0.599,0.651,0.204,2.83,3.91
928eaade23ff,melodic house,Niceshot,With You (Gowzer Remix),data/external/listen/work_house_low/house_low_15min/tracks/928eaade23ff.webm,123.0,123.003,7.42,239,beat_this,0.449,-8.8,build0 drop33 build49 drop65 break81 build117 drop141 build165 drop173,117,0.233,0.016,0.261,0.3689,0.673,0.78,0.329,2.72,3.12
7e5f3e073afe,melodic house,Krissky,Days Without You,data/external/listen/work_minimal_mid/minimal_mid_15min/tracks/7e5f3e073afe.webm,122.0,121.996,6.89,202,beat_this,0.995,-10.7,intro0 groov8 build32 drop40 build64 drop72 build88 drop144 outro184,72,0.27,0.03,0.1308,0.2088,0.586,0.606,0.108,2.59,3.75
b7ece463ac6a,melodic house,,,data/external/listen/work_minimal_mid/minimal_mid_15min/tracks/b7ece463ac6a.webm,125.0,124.993,5.24,162,beat_this,1.0,-15.3,intro0 build8 drop24 build36 drop56 break88 drop104 build120 drop128 outro144,60,0.314,0.088,0.1892,0.0877,0.61,0.698,0.2,2.69,3.62
d1d9f9e02f21,melodic house,,,data/external/listen/work_minimal_mid/minimal_mid_15min/tracks/d1d9f9e02f21.webm,126.0,127.006,6.04,192,beat_this,0.99,-8.3,intro0 build8 drop24 build56 drop72 groov104 break116 drop124 build144 drop160 outro172,56,0.323,0.017,0.1368,0.1159,0.673,0.694,0.099,2.72,3.09
0a5901806bc6,tech house,Luca C & Brigante,ft. Roisin Murphy - Flash of Light (Solomun Remix),data/external/test_tracks/tech_house/0a5901806bc6.m4a,117.0,118.001,8.16,238,beat_this,0.971,-12.6,drop0 break24 drop32 break64 drop72 groov84 break112 build140 drop148 groov196 outro220,52,0.511,0.011,0.389,0.0193,0.59,0.717,0.1,2.85,4.03
2eae6841c851,tech house,Giorgio Roma,Jungle Voices,data/external/test_tracks/tech_house/2eae6841c851.m4a,123.0,123.01,9.53,285,beat_this,0.933,-9.2,drop0 break32 drop40 break80 drop88 break120 build160 drop196 build208 drop224 groov256 outro272,108,0.249,0.12,0.3104,0.2335,0.616,0.723,0.291,2.72,3.75
4cc8c79ec137,tech house,Carl Cox,Your Light Shines On,data/external/test_tracks/tech_house/4cc8c79ec137.m4a,126.0,126.008,6.67,209,beat_this,0.528,-9.3,drop0 groov8 build24 drop32 groov80 break92 drop128 outro192,44,0.393,0.03,0.3401,0.3503,0.705,0.824,0.445,2.66,2.98
5b53d4c0fdac,tech house,Chris Lorenzo,Pump (AC Slater Remix),data/external/test_tracks/tech_house/5b53d4c0fdac.m4a,128.0,128.052,5.56,185,beat_this,0.562,-6.5,intro0 break16 drop48 break72 drop80 break112 drop136,64,0.176,0.01,0.1303,0.1605,0.588,0.818,0.178,2.62,3.25
8d56bae5a6cd,tech house,Andruss,Active,data/external/test_tracks/tech_house/8d56bae5a6cd.m4a,128.0,127.999,5.59,177,beat_this,0.956,-7.9,intro0 drop16 build32 drop48 break80 groov88 build104 drop112,32,0.35,0.083,0.0963,0.3666,0.737,0.749,0.05,2.56,3.62
a3d4adff3965,tech house,Benny Benassi & Tobias Gerard,DISCOTEKA,data/external/test_tracks/tech_house/a3d4adff3965.m4a,129.0,129.057,2.57,82,beat_this,0.553,-7.5,intro0 drop17 build33 drop49,16,0.206,0.057,0.0673,0.171,0.675,0.831,0.079,2.59,3.37
b9eeadc5f3c5,tech house,Raxon,The Fall,data/external/test_tracks/tech_house/b9eeadc5f3c5.m4a,128.0,128.0,7.18,229,beat_this,0.51,-7.5,drop0 groov44 build52 drop64 break104 build132 drop164 outro212,72,0.314,0.068,0.3225,0.3072,0.641,0.828,0.35,2.6,3.05
cbd3cf3558b3,tech house,Radio Slave,I Don't Need A Cure For This (Kenny Larkin Remix),data/external/test_tracks/tech_house/cbd3cf3558b3.m4a,126.0,129.82,8.72,254,beat_this,0.926,-8.6,drop0 build33 drop57 build81 drop105 groov133 break161 drop177 outro225,64,0.441,0.363,0.4295,0.4015,0.678,0.805,0.435,2.72,3.28
cef2f22e903b,tech house,TOYZZ,Rudeboy,data/external/test_tracks/tech_house/cef2f22e903b.m4a,130.0,131.01,2.9,95,beat_this,1.0,-7.0,intro0 drop13 build25 drop33 break69 drop77,16,0.306,0.166,0.312,0.3192,0.689,0.733,0.164,2.56,2.77
f83ed6c4b9a7,tech house,Tom Pooks,Love Screen,data/external/test_tracks/tech_house/f83ed6c4b9a7.m4a,126.0,127.004,8.87,278,beat_this,0.429,-12.0,intro0 groov10 build26 groov34 build42 drop66 break102 drop126 build154 drop170 break210 drop230 outro262,92,0.359,0.257,0.2569,0.3687,0.615,0.754,0.229,2.6,3.59
2ad1e1a22c32,techno,Moddullar,Encrypt,data/external/test_tracks/techno/2ad1e1a22c32.m4a,128.0,127.998,7.34,233,beat_this,0.513,-6.2,drop0 build47 drop55 groov71 build95 drop111 build143 drop183,64,0.451,0.067,0.5665,0.567,0.68,0.777,0.381,2.59,3.0
4413269d81b8,techno,Capricorn,20Hz (Carl Cox Remix),data/external/test_tracks/techno/4413269d81b8.m4a,137.0,138.01,6.82,231,beat_this,0.748,-7.8,intro0 drop10 groov22 build34 drop42 build66 drop82 break98 groov118 build134 drop150 outro202,60,0.461,0.31,0.3098,0.4415,0.638,0.683,0.299,2.37,3.4
70d42ebc654c,techno,Charlotte de Witte,How You Move,data/external/test_tracks/techno/70d42ebc654c.m4a,137.0,138.009,6.08,211,beat_this,0.574,-7.8,drop0 build56 drop64 build80 drop96 build112 groov128 build144 drop164,60,0.243,0.029,0.4119,0.3134,0.72,0.816,0.355,2.34,3.91
8385c96b5e06,techno,Frankie Knuckles pres. Marshall Jefferson,Move Your Body,data/external/test_tracks/techno/8385c96b5e06.m4a,122.0,122.294,6.83,205,beat_this,0.323,-7.6,drop0 build18 drop26 build50 drop66 break90 build98 drop118 break158 outro194,88,0.378,0.092,0.4352,0.0921,0.657,0.81,0.502,2.76,3.98
98ccb1974095,techno,Mathias Kaden,Nova (Marco Faraone Remix),data/external/test_tracks/techno/98ccb1974095.m4a,129.0,129.004,7.03,226,beat_this,0.578,-10.4,drop0 build32 drop72 build84 drop112 groov128 build148 drop176,96,0.406,0.044,0.4805,0.4627,0.531,0.859,0.277,2.53,3.88
b5fee62c33f0,techno,Lukas Firtzer,Acid Cake,data/external/test_tracks/techno/b5fee62c33f0.m4a,135.0,135.009,6.16,210,beat_this,0.389,-7.6,intro0 drop17 build57 drop65 build105 drop113 build129 drop145 build157 drop169,44,0.36,0.048,0.1715,0.4043,0.67,0.818,0.51,2.47,3.25
c0d3c37ced68,techno,Militiā,Blood Pressure,data/external/test_tracks/techno/c0d3c37ced68.m4a,143.0,144.016,6.33,223,beat_this,0.485,-6.7,drop0 build55 drop95 build111 drop127 build167 drop175 outro207,64,0.385,0.232,0.5096,0.3891,0.71,0.816,0.371,2.2,3.39
de1423113519,techno,Mental Crush,Distorted World,data/external/test_tracks/techno/de1423113519.m4a,78.0,78.997,5.32,201,beat_this,0.539,-6.2,intro0 drop8 build32 drop40 build56 break64 drop88 build112 drop120 build144 drop152,56,0.432,0.032,0.0419,0.4121,0.67,0.899,0.267,5.02,2.53
e00afd30050c,techno,Push & Joyhauser,Choir Of Spirits,data/external/test_tracks/techno/e00afd30050c.m4a,135.0,134.992,6.76,227,beat_this,0.667,-8.5,drop0 build25 drop41 break57 build73 drop97 groov113 break121 build137 drop169,104,0.464,0.188,0.5103,0.4637,0.663,0.822,0.29,2.38,4.0
f97c0d48c13f,techno,Hizzleguy,Let The Bass Kick,data/external/test_tracks/techno/f97c0d48c13f.m4a,87.0,87.624,5.21,225,beat_this,0.996,-3.0,intro0 groov8 break16 build24 drop32 build112 groov120 break128 build136 drop144,40,0.159,0.072,0.0758,0.1771,0.7,0.736,0.296,4.22,3.78
06b288f1a9f9,drum and base,Teddy Killerz,Knock Knock,data/external/test_tracks/drum_and_base/06b288f1a9f9.m4a,86.0,86.048,4.15,169,beat_this,0.897,-4.6,intro0 build15 groov31 build39 drop63 break95 build103 drop127 outro159,72,0.221,0.046,0.4657,0.2519,0.742,0.755,0.371,4.44,3.5
177d5c284f8f,drum and base,Tyke & Prestige,It's Coming,data/external/test_tracks/drum_and_base/177d5c284f8f.m4a,87.0,87.499,3.74,161,beat_this,1.0,-4.7,intro0 break8 drop16 build40 drop48 groov76 break88 drop96 build120 drop128,32,0.218,0.07,0.0701,0.1433,0.644,0.655,0.206,4.34,3.27
1d9aaac04f10,drum and base,Fractale,Frei (Subp Yao Remix),data/external/test_tracks/drum_and_base/1d9aaac04f10.m4a,84.0,84.994,3.38,70,beat_this,0.711,-8.5,drop0 break20 drop28 break44 outro52,16,0.287,0.155,0.2792,0.1551,0.746,0.746,0.485,4.5,3.03
32a2aa4e5752,drum and base,DJ Hybrid,Regenerate,data/external/test_tracks/drum_and_base/32a2aa4e5752.m4a,86.0,87.005,4.43,193,beat_this,0.862,-6.5,intro0 break15 drop31 groov95 break111 drop127,32,0.204,0.107,0.1075,0.2036,0.683,0.696,0.173,4.43,4.04
3fd23cc3b225,drum and base,Stakka & Skynet,ft. K Tee - So Confused,data/external/test_tracks/drum_and_base/3fd23cc3b225.m4a,86.0,86.48,7.42,309,beat_this,0.962,-9.4,intro0 break18 groov38 build50 drop70 groov150 break166 drop198 groov278 outro294,72,0.339,0.162,0.3072,0.1954,0.687,0.706,0.244,4.41,3.77
679650952061,drum and base,Ruse,Move From The Gate (Moniker Remix),data/external/test_tracks/drum_and_base/679650952061.m4a,86.0,87.011,3.13,65,beat_this,0.867,-8.9,intro0 drop16 build32 drop40 outro56,8,0.194,0.149,0.1487,0.1967,0.724,0.747,0.428,4.26,3.6
774d6ebc2a66,drum and base,LSB,Tumult,data/external/test_tracks/drum_and_base/774d6ebc2a66.m4a,87.0,87.52,6.42,255,beat_this,0.885,-8.6,intro0 groov15 break63 drop79 build111 drop127 break159 drop175,48,0.436,0.052,0.0801,0.4976,0.689,0.703,0.23,4.28,4.02
a92cb565cbc3,drum and base,Lavance,Glaucus,data/external/test_tracks/drum_and_base/a92cb565cbc3.m4a,86.0,87.004,4.28,156,beat_this,0.616,-8.8,intro0 drop27 build55 drop75 break91 drop107 outro131,36,0.246,0.01,0.0101,0.2203,0.702,0.756,0.464,4.42,3.31
d3a712d65566,drum and base,Rizzle,Feelings,data/external/test_tracks/drum_and_base/d3a712d65566.m4a,86.0,85.981,5.02,183,beat_this,0.723,-7.9,intro0 build15 drop27 build43 drop59 break91 build107 drop131,68,0.185,0.16,0.197,0.1682,0.673,0.701,0.341,4.38,3.5
ed13dcecc9ab,drum and base,Connor q,Nightfall,data/external/test_tracks/drum_and_base/ed13dcecc9ab.m4a,86.0,87.004,5.79,237,beat_this,0.767,-7.2,intro0 break8 groov16 break32 drop48 groov128 break144 drop156,36,0.196,0.088,0.2762,0.191,0.646,0.736,0.21,4.25,4.04
0da34030e610,afro house,Matt Caseli & David Jimenez,Feeling Good (Wasabi Remix),data/external/test_tracks/afro_house/0da34030e610.m4a,122.0,121.997,2.5,77,beat_this,0.862,-10.4,intro0 build15 drop31 outro63,16,0.457,0.308,0.409,0.313,0.621,0.647,0.402,2.83,3.62
2dcc376fa81c,afro house,Jnr SA,D2MA,data/external/test_tracks/afro_house/2dcc376fa81c.m4a,120.0,120.011,6.42,193,beat_this,0.756,-11.3,intro0 groov16 break32 build44 drop60 break96 build120 drop132 groov164 outro180,64,0.256,0.161,0.1962,0.1612,0.645,0.69,0.302,2.88,3.62
5c5657c9029b,afro house,Howling,Phases (Toto Chiavetta Colour Two),data/external/test_tracks/afro_house/5c5657c9029b.m4a,123.0,123.01,6.88,211,beat_this,0.863,-10.9,intro0 build8 drop24 break32 build48 drop80 break128 drop152 outro192,88,0.245,0.095,0.1113,0.0951,0.576,0.623,0.399,2.63,4.0
747847c3f54f,afro house,André Lodemann,Coming Your Way,data/external/test_tracks/afro_house/747847c3f54f.m4a,123.0,124.015,7.53,233,beat_this,0.376,-10.4,intro0 groov24 build48 drop88 break116 drop132 build168 drop176 groov200 outro216,64,0.211,0.099,0.424,0.224,0.663,0.88,0.421,2.68,3.96
895fd89cbd2e,afro house,Angelos & Da Mike,Way Out,data/external/test_tracks/afro_house/895fd89cbd2e.m4a,122.0,121.994,7.37,225,beat_this,0.896,-10.1,drop0 build12 drop32 build80 drop96 break128 drop160 outro208,68,0.228,0.062,0.2336,0.2045,0.402,0.538,0.363,2.72,4.0
9a92ae098781,afro house,2 Sides Of Soul,Milonga,data/external/test_tracks/afro_house/9a92ae098781.m4a,116.0,116.257,6.66,195,beat_this,0.512,-8.6,drop0 build24 drop32 build56 drop64 groov88 break96 drop132 build152 drop164,64,0.301,0.033,0.3395,0.301,0.616,0.892,0.193,2.97,3.98
a756f57633d3,afro house,AJNA (BE) & Samm (BE),2000 Flowers,data/external/test_tracks/afro_house/a756f57633d3.m4a,120.0,120.634,6.57,197,beat_this,0.833,-9.3,build0 drop20 build36 drop52 groov84 break96 drop116 break140 drop164 outro180,80,0.431,0.206,0.3705,0.3247,0.679,0.714,0.283,2.81,3.5
c2e476142f7e,afro house,Neil Amarey & Afu,Belo Horizonti,data/external/test_tracks/afro_house/c2e476142f7e.m4a,125.0,124.988,2.32,73,beat_this,1.0,-8.7,build0 drop27 groov35 break43 drop55,39,0.163,0.091,0.1541,0.2045,0.599,0.609,0.321,2.5,3.75
f8c9a20ec120,afro house,Fideles,Avior,data/external/test_tracks/afro_house/f8c9a20ec120.m4a,125.0,124.995,7.42,228,beat_this,0.533,-10.9,intro0 drop16 break48 drop64 build96 drop104 break128 drop136 build144 drop160 outro184,48,0.408,0.266,0.2658,0.4229,0.518,0.57,0.275,2.66,4.0
facfe517eee7,afro house,Larry Heard,Flight Of The Comet,data/external/test_tracks/afro_house/facfe517eee7.m4a,104.0,104.288,5.82,150,beat_this,1.0,-13.1,intro0 break16 drop24 outro140,8,0.282,0.03,0.0299,0.2834,0.534,0.611,0.368,3.42,4.01
271fca77c0c1,melodic house,Sander Kleinenberg & Helsloot,My Lexicon,data/external/test_tracks/melodic_house/271fca77c0c1.m4a,123.0,123.951,6.79,215,beat_this,0.614,-9.4,intro0 build16 drop32 build64 drop72 break96 build148 drop168 outro200,96,0.301,0.101,0.1008,0.16,0.598,0.831,0.225,2.72,3.66
66ec20cb9a3e,melodic house,ABBY,This Song Remains Through All (Clockwork (C/W) Remix),data/external/test_tracks/melodic_house/66ec20cb9a3e.m4a,130.0,130.9,6.34,208,beat_this,0.995,-9.5,intro0 drop8 build64 drop72 groov104 build124 drop152 outro184,36,0.604,0.07,0.8586,0.5044,0.712,0.74,0.235,2.56,3.4
732d31eb6063,melodic house,Argy,All Day Long,data/external/test_tracks/melodic_house/732d31eb6063.m4a,123.0,123.006,3.75,116,beat_this,0.35,-8.5,drop0 build11 drop19 break55 groov67 break75 drop83,28,0.438,0.36,0.5283,0.4088,0.752,0.772,0.585,2.71,3.45
7eb26f5ddeb6,melodic house,Alex Niggemann,Materium,data/external/test_tracks/melodic_house/7eb26f5ddeb6.m4a,120.0,120.001,7.57,236,beat_this,0.338,-13.5,intro0 drop15 build39 drop47 break87 drop135 groov167 break175 drop199,80,0.307,0.163,0.23,0.2725,0.48,0.827,0.313,2.81,4.0
85b3dae1dc43,melodic house,Estiva,TCL,data/external/test_tracks/melodic_house/85b3dae1dc43.m4a,123.0,123.999,5.68,177,beat_this,0.691,-9.2,intro0 build16 drop32 break80 drop112 build128 drop144 outro168,64,0.255,0.029,0.2192,0.0924,0.609,0.638,0.175,2.72,3.66
a41ad7f1b040,melodic house,Estiva,Little Love,data/external/test_tracks/melodic_house/a41ad7f1b040.m4a,123.0,123.365,3.66,111,beat_this,0.879,-7.8,intro0 drop9 build21 drop41 break57 drop77 groov93,40,0.351,0.087,0.5285,0.3201,0.693,0.768,0.21,2.77,3.52
a85800059eef,melodic house,Sebjak,Nobody Lives There,data/external/test_tracks/melodic_house/a85800059eef.m4a,120.0,120.003,6.32,188,beat_this,0.594,-9.7,intro0 drop16 break40 drop48 build64 drop72 build88 break100 drop140 outro168,68,0.267,0.017,0.1381,0.1223,0.653,0.672,0.254,2.88,3.5
c89346b46df6,melodic house,Heard Right & Furcloud,Radiance,data/external/test_tracks/melodic_house/c89346b46df6.m4a,122.0,117.631,4.06,121,beat_this,0.792,-8.2,intro0 drop12 break44 drop80 outro112,36,0.466,0.322,0.3217,0.5903,0.756,0.781,0.333,2.81,3.44
d728c8fe0e43,melodic house,CRi,ft. Half Moon Run - Astray (CRi Remix),data/external/test_tracks/melodic_house/d728c8fe0e43.m4a,122.0,122.056,5.52,162,beat_this,0.758,-10.5,intro0 build22 drop30 break54 drop62 break86 build106 drop118,48,0.409,0.036,0.0359,0.2643,0.715,0.739,0.216,2.79,3.5
dedeeffe1341,melodic house,Francesco Tristano,Idiosynkrasia (Ben Klock Remix),data/external/test_tracks/melodic_house/dedeeffe1341.m4a,125.0,125.001,7.81,242,beat_this,0.756,-13.3,intro0 break16 groov76 build84 drop148,124,0.3,0.147,0.177,0.3345,0.504,0.67,0.098,2.66,4.0
1ae5515861c9,trance,Analog Jungs,Tadasana (Sean & Dee Remix),data/external/test_tracks/trance/1ae5515861c9.m4a,122.0,120.699,7.37,239,beat_this,0.565,-9.7,intro0 drop15 groov31 build39 drop51 break83 build123 drop143 break175 drop183 outro215,80,0.411,0.097,0.4888,0.3191,0.723,0.756,0.513,2.84,3.5
3604334f961f,trance,Laura van Dam,Deep Shadow,data/external/test_tracks/trance/3604334f961f.m4a,126.0,125.757,3.4,115,beat_this,0.491,-8.8,intro0 build18 drop26 build50 break58 build74 drop90,48,0.273,0.042,0.1954,0.2615,0.726,0.767,0.552,2.66,3.1
548b0640b6b8,trance,Peetu S,Mental Component,data/external/test_tracks/trance/548b0640b6b8.m4a,137.0,138.012,6.49,237,beat_this,0.676,-7.2,intro0 groov12 build24 drop40 break56 drop64 break80 build104 drop180 build196 drop204,132,0.409,0.165,0.3614,0.3699,0.744,0.764,0.373,2.34,3.96
880a2dfbe6e5,trance,Jeef B,Loss Of Emotions,data/external/test_tracks/trance/880a2dfbe6e5.m4a,128.0,128.005,6.13,192,beat_this,0.709,-8.0,intro0 build17 drop33 break81 build97 drop145 outro177,80,0.318,0.096,0.0962,0.0975,0.682,0.796,0.297,2.53,3.0
a224eb6f29bd,trance,Mojado,Kaktus (Joint Operations Centre Twilight Rework),data/external/test_tracks/trance/a224eb6f29bd.m4a,139.0,139.971,5.3,185,beat_this,0.649,-7.6,intro0 drop31 break55 drop75 groov95 break111 drop127 outro167,36,0.267,0.01,0.0111,0.01,0.607,0.746,0.41,2.28,3.73
b0f9f6bbaad7,trance,Dave Ralph,Chasing Stars,data/external/test_tracks/trance/b0f9f6bbaad7.m4a,120.0,120.003,6.7,215,beat_this,0.464,-9.9,intro0 drop9 break105 drop133 outro197,28,0.295,0.129,0.3119,0.2569,0.576,0.759,0.13,2.84,3.69
c8db3726de50,trance,Katoff,Moment Of Truth,data/external/test_tracks/trance/c8db3726de50.m4a,123.0,123.007,4.37,135,beat_this,0.814,-9.3,drop0 build17 drop25 break57 build73 drop93 groov121,44,0.356,0.15,0.3739,0.2965,0.61,0.69,0.319,2.81,3.87
d742ac54cb45,trance,Susana,Journey Will Unfold,data/external/test_tracks/trance/d742ac54cb45.m4a,137.0,138.013,3.34,114,beat_this,0.844,-7.5,drop0 break26 build66 drop74,48,0.259,0.12,0.2492,0.257,0.663,0.761,0.353,2.38,3.46
ed94759524e9,trance,DAVOR,It Hurts,data/external/test_tracks/trance/ed94759524e9.m4a,141.0,142.013,3.91,138,beat_this,0.934,-5.8,intro0 drop8 break40 build84 drop104 outro128,64,0.371,0.179,0.2077,0.3304,0.654,0.665,0.315,2.27,3.78
f8746c21d435,trance,Daniel Wanrooy & Amber Revival,All At Once,data/external/test_tracks/trance/f8746c21d435.m4a,126.0,125.769,3.14,101,beat_this,0.726,-9.9,intro0 break19 build31 groov43 break67 build75 drop83,40,0.584,0.108,0.5078,0.4682,0.738,0.742,0.595,2.6,2.58
73311f924f32,techno,The Reason Y,Mind Odyssey,data/external/listen/work_techno_build/techno_build_15min/tracks/73311f924f32.m4a,129.0,130.002,4.12,134,beat_this,0.48,-8.6,intro0 drop8 build24 drop48 groov72 break88 drop104,40,0.193,0.003,0.151,0.1797,0.504,0.885,0.373,2.53,4.02
c9a1c5963da5,techno,Amelie Lens,Never The Same,data/external/listen/work_techno_build/techno_build_15min/tracks/c9a1c5963da5.webm,130.0,131.013,6.41,208,beat_this,0.507,-9.0,intro0 break8 drop32 build44 drop64 build92 drop104 build120 drop128 build148 drop160 build168 drop176 outro192,84,0.228,0.127,0.1908,0.2184,0.689,0.761,0.481,2.53,3.4
5315551f1a06,techno,Michael Klein,Silent,data/external/listen/work_techno_high/techno_high_15min/tracks/5315551f1a06.webm,135.0,134.999,5.91,193,beat_this,0.634,-6.6,drop0 build24 drop44 build56 drop128,92,0.412,0.006,0.4222,0.4179,0.589,0.822,0.328,2.46,3.79
d475c85b818e,techno,KlangKuenstler,Ehre Und Gewalt,data/external/listen/work_techno_high/techno_high_15min/tracks/d475c85b818e.webm,138.0,138.988,5.56,204,beat_this,0.918,-6.7,drop0 build32 drop40 build56 drop72 break104 build116 drop172,92,0.368,0.023,0.39,0.3535,0.63,0.715,0.185,2.37,2.9
4dfbfb010333,afro house,Thakzin & Divine Keys,Changing Times,data/external/listen/work_afro/afro_20min/tracks/4dfbfb010333.webm,120.0,120.005,5.48,191,beat_this,0.709,-11.9,intro0 groov9 build33 drop49 break145 outro177,48,0.453,0.052,0.2541,0.7929,0.635,0.809,0.268,2.78,3.5
6e28fff55e85,afro house,Safar (FR),ft. Dikla Hackmon - Thousand And Two Nights (Paso Doble Remix),data/external/listen/work_afro/afro_20min/tracks/6e28fff55e85.webm,120.0,119.994,7.82,219,beat_this,0.232,-10.9,intro0 groov20 build48 drop64 break88 drop120 outro192,48,0.245,0.059,0.2254,0.2304,0.868,0.897,0.721,2.75,4.0
41931f1988da,melodic house,Rinzen,Astronauta,data/external/listen/work_house_low/house_low_15min/tracks/41931f1988da.webm,125.0,125.039,5.92,185,beat_this,0.516,-10.7,intro0 break15 groov27 build35 drop59 break107 groov115 build123 drop139,60,0.489,0.332,0.7461,0.377,0.749,0.776,0.57,2.78,3.0
90ab74a29d6a,melodic house,Natascha Polké,Loose Lips,data/external/listen/work_house_low/house_low_15min/tracks/90ab74a29d6a.webm,120.0,121.088,5.63,188,beat_this,0.894,-10.2,intro0 break19 drop51 break75 drop83 groov115 break123 drop139 outro179,56,0.304,0.055,0.0546,0.2285,0.655,0.724,0.362,2.88,3.91
412c71ffdc50,melodic house,Oniris,Amazonia,data/external/listen/work_minimal_mid/minimal_mid_15min/tracks/412c71ffdc50.webm,125.0,125.042,9.58,299,beat_this,0.655,-10.9,intro0 groov10 build18 drop34 groov146 break162 drop218 build234 drop250 groov278 outro290,88,0.461,0.009,0.2179,0.0833,0.653,0.687,0.217,2.69,3.06
ab1a34b21df0,melodic house,Kasper Bjørke,ft. CTM - Sylvia (Tiago Fragateiro Remix),data/external/listen/work_minimal_mid/minimal_mid_15min/tracks/ab1a34b21df0.webm,122.0,121.989,8.42,270,beat_this,0.669,-7.3,intro0 drop24 build56 drop72 build88 drop112 break136 drop168 break192 drop200 groov216 outro256,80,0.362,0.032,0.038,0.0366,0.601,0.875,0.163,2.69,4.0
bb393be78fb6,melodic house,Dr Feel,African Roots,data/external/listen/work_minimal_mid/minimal_mid_15min/tracks/bb393be78fb6.webm,122.0,121.994,7.89,238,beat_this,0.42,-11.3,drop0 build14 drop22 break46 build54 drop66 build86 drop118 build142 drop166 outro210,84,0.313,0.044,0.16,0.1331,0.67,0.814,0.535,2.77,3.96
e9682f5cf1eb,melodic house,,,data/external/listen/work_minimal_mid/minimal_mid_15min/tracks/e9682f5cf1eb.webm,128.0,127.999,4.81,153,beat_this,0.895,-7.6,intro0 drop16 break32 drop44 break80 drop96 outro136,28,0.28,0.031,0.1495,0.1476,0.608,0.631,0.106,2.53,3.88
